LegID,ShipmentID,TruckID,FromSiteID,ToSiteID,LegSeq,DepartUtc,ArriveUtc
LEG-0001,SHP-0001,TRK-11,SITE-HYD-PL,SITE-HYD-DP,1,2026-07-25T06:45:00Z,2026-07-25T08:45:00Z
LEG-0002,SHP-0001,TRK-12,SITE-HYD-DP,SITE-WGL-CL,2,2026-07-25T11:45:00Z,2026-07-25T14:45:00Z
LEG-0003,SHP-0002,TRK-08,SITE-HYD-PL,SITE-HYD-DP,1,2026-07-25T04:30:00Z,2026-07-25T06:30:00Z
LEG-0004,SHP-0002,TRK-10,SITE-HYD-DP,SITE-WGL-CL,2,2026-07-25T08:30:00Z,2026-07-25T11:30:00Z
LEG-0005,SHP-0003,TRK-08,SITE-HYD-PL,SITE-BLR-DP,1,2026-07-25T09:30:00Z,2026-07-25T18:30:00Z
LEG-0006,SHP-0003,TRK-09,SITE-BLR-DP,SITE-MYS-CL,2,2026-07-25T22:30:00Z,2026-07-26T01:30:00Z
LEG-0007,SHP-0004,TRK-06,SITE-HYD-PL,SITE-HYD-DP,1,2026-07-25T09:00:00Z,2026-07-25T11:00:00Z
LEG-0008,SHP-0004,TRK-07,SITE-HYD-DP,SITE-BLR-DP,2,2026-07-25T13:00:00Z,2026-07-25T22:00:00Z
LEG-0009,SHP-0004,TRK-08,SITE-BLR-DP,SITE-MYS-CL,3,2026-07-26T00:00:00Z,2026-07-26T03:00:00Z
LEG-0010,SHP-0005,TRK-02,SITE-HYD-PL,SITE-VJA-DP,1,2026-07-26T06:45:00Z,2026-07-26T12:45:00Z
LEG-0011,SHP-0005,TRK-06,SITE-VJA-DP,SITE-RJY-CL,2,2026-07-26T15:45:00Z,2026-07-26T18:45:00Z
LEG-0012,SHP-0006,TRK-08,SITE-HYD-PL,SITE-HYD-DP,1,2026-07-26T07:30:00Z,2026-07-26T09:30:00Z
LEG-0013,SHP-0006,TRK-10,SITE-HYD-DP,SITE-WGL-CL,2,2026-07-26T13:30:00Z,2026-07-26T16:30:00Z
LEG-0014,SHP-0007,TRK-11,SITE-HYD-PL,SITE-HYD-DP,1,2026-07-26T06:15:00Z,2026-07-26T08:15:00Z
LEG-0015,SHP-0007,TRK-12,SITE-HYD-DP,SITE-VJA-DP,2,2026-07-26T12:15:00Z,2026-07-26T18:15:00Z
LEG-0016,SHP-0007,TRK-11,SITE-VJA-DP,SITE-GNT-CL,3,2026-07-26T20:15:00Z,2026-07-26T22:15:00Z
LEG-0017,SHP-0008,TRK-09,SITE-HYD-PL,SITE-BLR-DP,1,2026-07-27T09:30:00Z,2026-07-27T18:30:00Z
LEG-0018,SHP-0008,TRK-01,SITE-BLR-DP,SITE-MYS-CL,2,2026-07-27T22:30:00Z,2026-07-28T01:30:00Z
LEG-0019,SHP-0009,TRK-12,SITE-HYD-PL,SITE-HYD-DP,1,2026-07-27T06:00:00Z,2026-07-27T08:00:00Z
LEG-0020,SHP-0009,TRK-11,SITE-HYD-DP,SITE-MAA-DP,2,2026-07-27T10:00:00Z,2026-07-27T22:00:00Z
LEG-0021,SHP-0009,TRK-12,SITE-MAA-DP,SITE-TIR-CL,3,2026-07-28T02:00:00Z,2026-07-28T05:00:00Z
LEG-0022,SHP-0010,TRK-09,SITE-HYD-PL,SITE-HYD-DP,1,2026-07-28T06:30:00Z,2026-07-28T08:30:00Z
LEG-0023,SHP-0010,TRK-10,SITE-HYD-DP,SITE-WGL-CL,2,2026-07-28T10:30:00Z,2026-07-28T13:30:00Z
LEG-0024,SHP-0011,TRK-11,SITE-HYD-PL,SITE-MAA-DP,1,2026-07-28T09:30:00Z,2026-07-28T21:30:00Z
LEG-0025,SHP-0011,TRK-12,SITE-MAA-DP,SITE-TIR-CL,2,2026-07-29T00:30:00Z,2026-07-29T03:30:00Z
LEG-0026,SHP-0012,TRK-10,SITE-HYD-PL,SITE-MAA-DP,1,2026-07-29T08:30:00Z,2026-07-29T20:30:00Z
LEG-0027,SHP-0012,TRK-01,SITE-MAA-DP,SITE-TIR-CL,2,2026-07-29T23:30:00Z,2026-07-30T02:30:00Z
LEG-0028,SHP-0013,TRK-07,SITE-HYD-PL,SITE-BLR-DP,1,2026-07-29T08:00:00Z,2026-07-29T17:00:00Z
LEG-0029,SHP-0013,TRK-02,SITE-BLR-DP,SITE-MYS-CL,2,2026-07-29T20:00:00Z,2026-07-29T23:00:00Z
LEG-0030,SHP-0014,TRK-08,SITE-HYD-PL,SITE-VTZ-DP,1,2026-07-29T04:15:00Z,2026-07-29T15:15:00Z
LEG-0031,SHP-0014,TRK-08,SITE-VTZ-DP,SITE-RJY-CL,2,2026-07-29T18:15:00Z,2026-07-29T22:15:00Z
LEG-0032,SHP-0015,TRK-05,SITE-HYD-PL,SITE-VJA-DP,1,2026-07-29T06:15:00Z,2026-07-29T12:15:00Z
LEG-0033,SHP-0015,TRK-09,SITE-VJA-DP,SITE-RJY-CL,2,2026-07-29T13:15:00Z,2026-07-29T16:15:00Z
LEG-0034,SHP-0016,TRK-10,SITE-HYD-PL,SITE-BLR-DP,1,2026-07-30T09:00:00Z,2026-07-30T18:00:00Z
LEG-0035,SHP-0016,TRK-05,SITE-BLR-DP,SITE-TIR-CL,2,2026-07-30T21:00:00Z,2026-07-31T02:00:00Z
LEG-0036,SHP-0017,TRK-06,SITE-HYD-PL,SITE-VTZ-DP,1,2026-07-30T06:15:00Z,2026-07-30T17:15:00Z
LEG-0037,SHP-0017,TRK-08,SITE-VTZ-DP,SITE-RJY-CL,2,2026-07-30T21:15:00Z,2026-07-31T01:15:00Z
LEG-0038,SHP-0018,TRK-09,SITE-HYD-PL,SITE-MAA-DP,1,2026-07-30T04:15:00Z,2026-07-30T16:15:00Z
LEG-0039,SHP-0018,TRK-07,SITE-MAA-DP,SITE-CBE-CL,2,2026-07-30T18:15:00Z,2026-07-31T01:15:00Z
LEG-0040,SHP-0019,TRK-02,SITE-HYD-PL,SITE-MAA-DP,1,2026-07-30T04:45:00Z,2026-07-30T16:45:00Z
LEG-0041,SHP-0019,TRK-01,SITE-MAA-DP,SITE-CBE-CL,2,2026-07-30T18:45:00Z,2026-07-31T01:45:00Z
LEG-0042,SHP-0020,TRK-06,SITE-HYD-PL,SITE-HYD-DP,1,2026-07-31T07:45:00Z,2026-07-31T09:45:00Z
LEG-0043,SHP-0020,TRK-02,SITE-HYD-DP,SITE-MAA-DP,2,2026-07-31T13:45:00Z,2026-08-01T01:45:00Z
LEG-0044,SHP-0020,TRK-06,SITE-MAA-DP,SITE-TIR-CL,3,2026-08-01T05:45:00Z,2026-08-01T08:45:00Z
LEG-0045,SHP-0021,TRK-11,SITE-HYD-PL,SITE-BLR-DP,1,2026-07-31T09:15:00Z,2026-07-31T18:15:00Z
LEG-0046,SHP-0021,TRK-11,SITE-BLR-DP,SITE-TIR-CL,2,2026-07-31T21:15:00Z,2026-08-01T02:15:00Z
LEG-0047,SHP-0022,TRK-08,SITE-HYD-PL,SITE-VTZ-DP,1,2026-07-31T05:30:00Z,2026-07-31T16:30:00Z
LEG-0048,SHP-0022,TRK-09,SITE-VTZ-DP,SITE-RJY-CL,2,2026-07-31T20:30:00Z,2026-08-01T00:30:00Z
LEG-0049,SHP-0023,TRK-05,SITE-HYD-PL,SITE-HYD-DP,1,2026-08-01T06:15:00Z,2026-08-01T08:15:00Z
LEG-0050,SHP-0023,TRK-01,SITE-HYD-DP,SITE-BLR-DP,2,2026-08-01T10:15:00Z,2026-08-01T19:15:00Z
LEG-0051,SHP-0023,TRK-06,SITE-BLR-DP,SITE-MYS-CL,3,2026-08-01T21:15:00Z,2026-08-02T00:15:00Z
LEG-0052,SHP-0024,TRK-10,SITE-HYD-PL,SITE-VTZ-DP,1,2026-08-01T08:00:00Z,2026-08-01T19:00:00Z
LEG-0053,SHP-0024,TRK-02,SITE-VTZ-DP,SITE-RJY-CL,2,2026-08-01T23:00:00Z,2026-08-02T03:00:00Z
LEG-0054,SHP-0025,TRK-07,SITE-HYD-PL,SITE-HYD-DP,1,2026-08-01T04:00:00Z,2026-08-01T06:00:00Z
LEG-0055,SHP-0025,TRK-08,SITE-HYD-DP,SITE-BLR-DP,2,2026-08-01T10:00:00Z,2026-08-01T19:00:00Z
LEG-0056,SHP-0025,TRK-01,SITE-BLR-DP,SITE-MYS-CL,3,2026-08-01T23:00:00Z,2026-08-02T02:00:00Z
LEG-0057,SHP-0026,TRK-09,SITE-HYD-PL,SITE-HYD-DP,1,2026-08-01T07:15:00Z,2026-08-01T09:15:00Z
LEG-0058,SHP-0026,TRK-09,SITE-HYD-DP,SITE-VTZ-DP,2,2026-08-01T12:15:00Z,2026-08-01T23:15:00Z
LEG-0059,SHP-0026,TRK-10,SITE-VTZ-DP,SITE-RJY-CL,3,2026-08-02T03:15:00Z,2026-08-02T07:15:00Z
LEG-0060,SHP-0027,TRK-06,SITE-HYD-PL,SITE-VJA-DP,1,2026-08-02T07:30:00Z,2026-08-02T13:30:00Z
LEG-0061,SHP-0027,TRK-09,SITE-VJA-DP,SITE-GNT-CL,2,2026-08-02T16:30:00Z,2026-08-02T18:30:00Z
LEG-0062,SHP-0028,TRK-12,SITE-HYD-PL,SITE-HYD-DP,1,2026-08-02T05:00:00Z,2026-08-02T07:00:00Z
LEG-0063,SHP-0028,TRK-12,SITE-HYD-DP,SITE-MAA-DP,2,2026-08-02T11:00:00Z,2026-08-02T23:00:00Z
LEG-0064,SHP-0028,TRK-11,SITE-MAA-DP,SITE-TIR-CL,3,2026-08-03T00:00:00Z,2026-08-03T03:00:00Z
LEG-0065,SHP-0029,TRK-05,SITE-HYD-PL,SITE-HYD-DP,1,2026-08-02T05:00:00Z,2026-08-02T07:00:00Z
LEG-0066,SHP-0029,TRK-08,SITE-HYD-DP,SITE-MAA-DP,2,2026-08-02T08:00:00Z,2026-08-02T20:00:00Z
LEG-0067,SHP-0029,TRK-02,SITE-MAA-DP,SITE-TIR-CL,3,2026-08-02T21:00:00Z,2026-08-03T00:00:00Z
LEG-0068,SHP-0030,TRK-05,SITE-HYD-PL,SITE-HYD-DP,1,2026-08-03T08:30:00Z,2026-08-03T10:30:00Z
LEG-0069,SHP-0030,TRK-07,SITE-HYD-DP,SITE-VTZ-DP,2,2026-08-03T11:30:00Z,2026-08-03T22:30:00Z
LEG-0070,SHP-0030,TRK-05,SITE-VTZ-DP,SITE-RJY-CL,3,2026-08-03T23:30:00Z,2026-08-04T03:30:00Z
LEG-0071,SHP-0031,TRK-02,SITE-HYD-PL,SITE-MAA-DP,1,2026-08-03T05:45:00Z,2026-08-03T17:45:00Z
LEG-0072,SHP-0031,TRK-06,SITE-MAA-DP,SITE-CBE-CL,2,2026-08-03T19:45:00Z,2026-08-04T02:45:00Z
LEG-0073,SHP-0032,TRK-01,SITE-HYD-PL,SITE-VTZ-DP,1,2026-08-03T05:00:00Z,2026-08-03T16:00:00Z
LEG-0074,SHP-0032,TRK-08,SITE-VTZ-DP,SITE-RJY-CL,2,2026-08-03T18:00:00Z,2026-08-03T22:00:00Z
LEG-LIVE-1,SHP-LIVE,TRK-03,SITE-HYD-PL,SITE-HYD-DP,1,2026-08-03T05:30:00Z,2026-08-03T07:30:00Z
LEG-LIVE-2,SHP-LIVE,TRK-04,SITE-HYD-DP,SITE-VJA-DP,2,2026-08-03T21:30:00Z,2026-08-04T11:30:00Z
LEG-LIVE-3,SHP-LIVE,TRK-04,SITE-VJA-DP,SITE-GNT-CL,3,2026-08-04T14:30:00Z,2026-08-04T16:30:00Z
