TruckID,Timestamp,TempC,HumidityPct,IntervalMinutes
TRK-08,2026-07-25T04:30:00Z,-20.1,42,15.0
TRK-08,2026-07-25T04:45:00Z,-20.2,44,15.0
TRK-08,2026-07-25T05:00:00Z,-20.1,44,15.0
TRK-08,2026-07-25T05:15:00Z,-20.2,47,15.0
TRK-08,2026-07-25T05:30:00Z,-20.1,47,15.0
TRK-08,2026-07-25T05:45:00Z,-19.9,49,15.0
TRK-08,2026-07-25T06:00:00Z,-19.9,47,15.0
TRK-08,2026-07-25T06:15:00Z,-20.2,45,15.0
TRK-08,2026-07-25T06:30:00Z,-20.1,48,15.0
TRK-11,2026-07-25T06:45:00Z,-19.8,46,15.0
TRK-11,2026-07-25T07:00:00Z,-19.7,45,15.0
TRK-11,2026-07-25T07:15:00Z,-19.7,43,15.0
TRK-11,2026-07-25T07:30:00Z,-19.6,45,15.0
TRK-11,2026-07-25T07:45:00Z,-19.6,44,15.0
TRK-11,2026-07-25T08:00:00Z,-19.8,44,15.0
TRK-11,2026-07-25T08:15:00Z,-19.8,43,15.0
TRK-10,2026-07-25T08:30:00Z,-20.5,43,15.0
TRK-11,2026-07-25T08:30:00Z,-19.7,42,15.0
TRK-10,2026-07-25T08:45:00Z,-20.4,46,15.0
TRK-11,2026-07-25T08:45:00Z,-19.6,43,15.0
TRK-06,2026-07-25T09:00:00Z,4.4,51,15.0
TRK-10,2026-07-25T09:00:00Z,-20.3,42,15.0
TRK-06,2026-07-25T09:15:00Z,4.3,52,15.0
TRK-10,2026-07-25T09:15:00Z,-20.1,45,15.0
TRK-06,2026-07-25T09:30:00Z,11.0,60,15.0
TRK-08,2026-07-25T09:30:00Z,4.5,45,15.0
TRK-10,2026-07-25T09:30:00Z,-20.1,47,15.0
TRK-06,2026-07-25T09:45:00Z,9.8,66,15.0
TRK-08,2026-07-25T09:45:00Z,4.7,45,15.0
TRK-10,2026-07-25T09:45:00Z,-20.0,44,15.0
TRK-06,2026-07-25T10:00:00Z,4.2,60,15.0
TRK-08,2026-07-25T10:00:00Z,4.6,47,15.0
TRK-10,2026-07-25T10:00:00Z,-20.1,45,15.0
TRK-06,2026-07-25T10:15:00Z,4.2,55,15.0
TRK-08,2026-07-25T10:15:00Z,4.7,48,15.0
TRK-10,2026-07-25T10:15:00Z,-20.0,43,15.0
TRK-06,2026-07-25T10:30:00Z,4.4,50,15.0
TRK-08,2026-07-25T10:30:00Z,4.8,49,15.0
TRK-10,2026-07-25T10:30:00Z,-20.0,42,15.0
TRK-06,2026-07-25T10:45:00Z,4.5,48,15.0
TRK-08,2026-07-25T10:45:00Z,4.8,49,15.0
TRK-10,2026-07-25T10:45:00Z,-20.0,42,15.0
TRK-06,2026-07-25T11:00:00Z,4.4,50,15.0
TRK-08,2026-07-25T11:00:00Z,4.7,51,15.0
TRK-10,2026-07-25T11:00:00Z,-20.1,43,15.0
TRK-08,2026-07-25T11:15:00Z,4.7,51,15.0
TRK-10,2026-07-25T11:15:00Z,-20.1,46,15.0
TRK-08,2026-07-25T11:30:00Z,4.7,50,15.0
TRK-10,2026-07-25T11:30:00Z,-20.4,48,15.0
TRK-08,2026-07-25T11:45:00Z,4.7,50,15.0
TRK-12,2026-07-25T11:45:00Z,-20.9,41,15.0
TRK-08,2026-07-25T12:00:00Z,4.7,45,15.0
TRK-12,2026-07-25T12:00:00Z,-20.9,42,15.0
TRK-08,2026-07-25T12:15:00Z,4.6,42,15.0
TRK-12,2026-07-25T12:15:00Z,-20.9,41,15.0
TRK-08,2026-07-25T12:30:00Z,4.5,44,15.0
TRK-12,2026-07-25T12:30:00Z,-20.9,43,15.0
TRK-08,2026-07-25T12:45:00Z,4.5,43,15.0
TRK-12,2026-07-25T12:45:00Z,-13.5,49,15.0
TRK-07,2026-07-25T13:00:00Z,5.4,44,15.0
TRK-08,2026-07-25T13:00:00Z,4.5,44,15.0
TRK-12,2026-07-25T13:00:00Z,-20.8,44,15.0
TRK-07,2026-07-25T13:15:00Z,5.3,42,15.0
TRK-08,2026-07-25T13:15:00Z,4.6,44,15.0
TRK-12,2026-07-25T13:15:00Z,-21.0,47,15.0
TRK-07,2026-07-25T13:30:00Z,5.5,43,15.0
TRK-08,2026-07-25T13:30:00Z,4.7,47,15.0
TRK-12,2026-07-25T13:30:00Z,-20.9,48,15.0
TRK-07,2026-07-25T13:45:00Z,9.4,51,15.0
TRK-08,2026-07-25T13:45:00Z,4.8,49,15.0
TRK-12,2026-07-25T13:45:00Z,-20.8,47,15.0
TRK-07,2026-07-25T14:00:00Z,10.4,57,15.0
TRK-08,2026-07-25T14:00:00Z,4.8,47,15.0
TRK-12,2026-07-25T14:00:00Z,-20.8,47,15.0
TRK-07,2026-07-25T14:15:00Z,5.2,50,15.0
TRK-08,2026-07-25T14:15:00Z,4.8,46,15.0
TRK-12,2026-07-25T14:15:00Z,-20.7,47,15.0
TRK-07,2026-07-25T14:30:00Z,5.3,50,15.0
TRK-08,2026-07-25T14:30:00Z,4.9,46,15.0
TRK-12,2026-07-25T14:30:00Z,-20.8,44,15.0
TRK-07,2026-07-25T14:45:00Z,5.1,51,15.0
TRK-08,2026-07-25T14:45:00Z,4.6,46,15.0
TRK-12,2026-07-25T14:45:00Z,-20.9,45,15.0
TRK-07,2026-07-25T15:00:00Z,5.2,49,15.0
TRK-08,2026-07-25T15:00:00Z,4.7,45,15.0
TRK-07,2026-07-25T15:15:00Z,5.2,47,15.0
TRK-08,2026-07-25T15:15:00Z,4.7,42,15.0
TRK-07,2026-07-25T15:30:00Z,5.2,44,15.0
TRK-08,2026-07-25T15:30:00Z,4.7,41,15.0
TRK-07,2026-07-25T15:45:00Z,5.4,42,15.0
TRK-08,2026-07-25T15:45:00Z,4.8,43,15.0
TRK-07,2026-07-25T16:00:00Z,5.6,45,15.0
TRK-08,2026-07-25T16:00:00Z,4.8,46,15.0
TRK-07,2026-07-25T16:15:00Z,5.6,43,15.0
TRK-08,2026-07-25T16:15:00Z,4.6,46,15.0
TRK-07,2026-07-25T16:30:00Z,5.6,44,15.0
TRK-08,2026-07-25T16:30:00Z,4.5,44,15.0
TRK-07,2026-07-25T16:45:00Z,5.5,45,15.0
TRK-08,2026-07-25T16:45:00Z,4.4,43,15.0
TRK-07,2026-07-25T17:00:00Z,5.6,44,15.0
TRK-08,2026-07-25T17:00:00Z,4.6,42,15.0
TRK-07,2026-07-25T17:15:00Z,5.4,44,15.0
TRK-08,2026-07-25T17:15:00Z,4.7,40,15.0
TRK-07,2026-07-25T17:30:00Z,5.5,43,15.0
TRK-08,2026-07-25T17:30:00Z,4.5,41,15.0
TRK-07,2026-07-25T17:45:00Z,5.6,45,15.0
TRK-08,2026-07-25T17:45:00Z,4.6,44,15.0
TRK-07,2026-07-25T18:00:00Z,5.5,46,15.0
TRK-08,2026-07-25T18:00:00Z,4.8,43,15.0
TRK-07,2026-07-25T18:15:00Z,5.3,44,15.0
TRK-08,2026-07-25T18:15:00Z,4.8,44,15.0
TRK-07,2026-07-25T18:30:00Z,5.3,45,15.0
TRK-08,2026-07-25T18:30:00Z,4.7,47,15.0
TRK-07,2026-07-25T18:45:00Z,5.2,44,15.0
TRK-07,2026-07-25T19:00:00Z,5.2,42,15.0
TRK-07,2026-07-25T19:15:00Z,5.1,42,15.0
TRK-07,2026-07-25T19:30:00Z,5.2,44,15.0
TRK-07,2026-07-25T19:45:00Z,5.1,47,15.0
TRK-07,2026-07-25T20:00:00Z,5.1,45,15.0
TRK-07,2026-07-25T20:15:00Z,5.1,46,15.0
TRK-07,2026-07-25T20:30:00Z,5.3,47,15.0
TRK-07,2026-07-25T20:45:00Z,5.3,46,15.0
TRK-07,2026-07-25T21:00:00Z,5.3,44,15.0
TRK-07,2026-07-25T21:15:00Z,5.2,43,15.0
TRK-07,2026-07-25T21:30:00Z,5.1,42,15.0
TRK-07,2026-07-25T21:45:00Z,5.2,40,15.0
TRK-07,2026-07-25T22:00:00Z,5.4,43,15.0
TRK-09,2026-07-25T22:30:00Z,4.4,48,15.0
TRK-09,2026-07-25T22:45:00Z,4.2,48,15.0
TRK-09,2026-07-25T23:00:00Z,4.2,50,15.0
TRK-09,2026-07-25T23:15:00Z,10.1,61,15.0
TRK-09,2026-07-25T23:30:00Z,4.2,53,15.0
TRK-09,2026-07-25T23:45:00Z,4.4,54,15.0
TRK-08,2026-07-26T00:00:00Z,4.9,39,15.0
TRK-09,2026-07-26T00:00:00Z,4.3,52,15.0
TRK-08,2026-07-26T00:15:00Z,4.9,39,15.0
TRK-09,2026-07-26T00:15:00Z,4.3,47,15.0
TRK-08,2026-07-26T00:30:00Z,4.9,42,15.0
TRK-09,2026-07-26T00:30:00Z,4.2,46,15.0
TRK-08,2026-07-26T00:45:00Z,5.0,44,15.0
TRK-09,2026-07-26T00:45:00Z,4.1,43,15.0
TRK-08,2026-07-26T01:00:00Z,5.2,43,15.0
TRK-09,2026-07-26T01:00:00Z,4.2,43,15.0
TRK-08,2026-07-26T01:15:00Z,5.1,45,15.0
TRK-09,2026-07-26T01:15:00Z,4.0,44,15.0
TRK-08,2026-07-26T01:30:00Z,5.1,44,15.0
TRK-09,2026-07-26T01:30:00Z,4.0,45,15.0
TRK-08,2026-07-26T01:45:00Z,8.9,53,15.0
TRK-08,2026-07-26T02:00:00Z,10.9,62,15.0
TRK-08,2026-07-26T02:15:00Z,10.0,70,15.0
TRK-08,2026-07-26T02:30:00Z,5.0,66,15.0
TRK-08,2026-07-26T02:45:00Z,5.0,58,15.0
TRK-08,2026-07-26T03:00:00Z,4.9,56,15.0
TRK-11,2026-07-26T06:15:00Z,-19.7,49,15.0
TRK-11,2026-07-26T06:30:00Z,-19.7,50,15.0
TRK-02,2026-07-26T06:45:00Z,5.0,50,15.0
TRK-11,2026-07-26T06:45:00Z,-19.6,47,15.0
TRK-02,2026-07-26T07:00:00Z,5.1,47,15.0
TRK-11,2026-07-26T07:00:00Z,-19.6,49,15.0
TRK-02,2026-07-26T07:15:00Z,5.1,46,15.0
TRK-11,2026-07-26T07:15:00Z,-19.6,49,15.0
TRK-02,2026-07-26T07:30:00Z,5.1,44,15.0
TRK-08,2026-07-26T07:30:00Z,4.8,49,15.0
TRK-11,2026-07-26T07:30:00Z,-14.4,57,15.0
TRK-02,2026-07-26T07:45:00Z,4.9,46,15.0
TRK-08,2026-07-26T07:45:00Z,4.7,45,15.0
TRK-11,2026-07-26T07:45:00Z,-19.7,52,15.0
TRK-02,2026-07-26T08:00:00Z,4.9,44,15.0
TRK-08,2026-07-26T08:00:00Z,4.8,43,15.0
TRK-11,2026-07-26T08:00:00Z,-19.9,50,15.0
TRK-02,2026-07-26T08:15:00Z,4.9,44,15.0
TRK-08,2026-07-26T08:15:00Z,4.7,45,15.0
TRK-11,2026-07-26T08:15:00Z,-19.9,48,15.0
TRK-02,2026-07-26T08:30:00Z,5.0,43,15.0
TRK-08,2026-07-26T08:30:00Z,4.7,44,15.0
TRK-02,2026-07-26T08:45:00Z,5.0,44,15.0
TRK-08,2026-07-26T08:45:00Z,11.2,52,15.0
TRK-02,2026-07-26T09:00:00Z,5.2,42,15.0
TRK-08,2026-07-26T09:00:00Z,4.9,48,15.0
TRK-02,2026-07-26T09:15:00Z,5.2,42,15.0
TRK-08,2026-07-26T09:15:00Z,4.7,45,15.0
TRK-02,2026-07-26T09:30:00Z,5.0,41,15.0
TRK-08,2026-07-26T09:30:00Z,4.7,46,15.0
TRK-02,2026-07-26T09:45:00Z,4.9,43,15.0
TRK-02,2026-07-26T10:00:00Z,4.9,45,15.0
TRK-02,2026-07-26T10:15:00Z,5.1,42,15.0
TRK-02,2026-07-26T10:30:00Z,4.9,42,15.0
TRK-02,2026-07-26T10:45:00Z,5.1,42,15.0
TRK-02,2026-07-26T11:00:00Z,5.0,42,15.0
TRK-02,2026-07-26T11:15:00Z,8.8,48,15.0
TRK-02,2026-07-26T11:30:00Z,5.0,40,15.0
TRK-02,2026-07-26T11:45:00Z,4.9,41,15.0
TRK-02,2026-07-26T12:00:00Z,4.8,43,15.0
TRK-02,2026-07-26T12:15:00Z,5.0,42,15.0
TRK-12,2026-07-26T12:15:00Z,-21.2,50,15.0
TRK-02,2026-07-26T12:30:00Z,5.2,41,15.0
TRK-12,2026-07-26T12:30:00Z,-21.2,52,15.0
TRK-02,2026-07-26T12:45:00Z,5.2,41,15.0
TRK-12,2026-07-26T12:45:00Z,-21.2,47,15.0
TRK-12,2026-07-26T13:00:00Z,-21.2,48,15.0
TRK-12,2026-07-26T13:15:00Z,-21.1,48,15.0
TRK-10,2026-07-26T13:30:00Z,4.5,47,15.0
TRK-12,2026-07-26T13:30:00Z,-21.2,49,15.0
TRK-10,2026-07-26T13:45:00Z,4.3,43,15.0
TRK-12,2026-07-26T13:45:00Z,-14.5,60,15.0
TRK-10,2026-07-26T14:00:00Z,4.2,42,15.0
TRK-12,2026-07-26T14:00:00Z,-21.2,52,15.0
TRK-10,2026-07-26T14:15:00Z,4.2,43,15.0
TRK-12,2026-07-26T14:15:00Z,-21.1,51,15.0
TRK-10,2026-07-26T14:30:00Z,4.4,45,15.0
TRK-12,2026-07-26T14:30:00Z,-21.3,47,15.0
TRK-10,2026-07-26T14:45:00Z,4.2,43,15.0
TRK-12,2026-07-26T14:45:00Z,-21.5,49,15.0
TRK-10,2026-07-26T15:00:00Z,4.2,42,15.0
TRK-12,2026-07-26T15:00:00Z,-21.6,48,15.0
TRK-10,2026-07-26T15:15:00Z,11.0,49,15.0
TRK-12,2026-07-26T15:15:00Z,-21.5,46,15.0
TRK-10,2026-07-26T15:30:00Z,4.2,42,15.0
TRK-12,2026-07-26T15:30:00Z,-21.4,45,15.0
TRK-06,2026-07-26T15:45:00Z,4.7,49,15.0
TRK-10,2026-07-26T15:45:00Z,4.2,42,15.0
TRK-12,2026-07-26T15:45:00Z,-21.5,43,15.0
TRK-06,2026-07-26T16:00:00Z,4.6,46,15.0
TRK-10,2026-07-26T16:00:00Z,4.2,42,15.0
TRK-12,2026-07-26T16:00:00Z,-21.3,44,15.0
TRK-06,2026-07-26T16:15:00Z,4.7,44,15.0
TRK-10,2026-07-26T16:15:00Z,4.3,42,15.0
TRK-12,2026-07-26T16:15:00Z,-21.5,44,15.0
TRK-06,2026-07-26T16:30:00Z,4.6,42,15.0
TRK-10,2026-07-26T16:30:00Z,4.2,45,15.0
TRK-12,2026-07-26T16:30:00Z,-21.3,45,15.0
TRK-06,2026-07-26T16:45:00Z,4.6,45,15.0
TRK-12,2026-07-26T16:45:00Z,-21.3,46,15.0
TRK-06,2026-07-26T17:00:00Z,4.8,48,15.0
TRK-12,2026-07-26T17:00:00Z,-21.3,43,15.0
TRK-06,2026-07-26T17:15:00Z,4.8,48,15.0
TRK-12,2026-07-26T17:15:00Z,-21.1,45,15.0
TRK-06,2026-07-26T17:30:00Z,4.6,45,15.0
TRK-12,2026-07-26T17:30:00Z,-21.1,43,15.0
TRK-06,2026-07-26T17:45:00Z,4.4,45,15.0
TRK-12,2026-07-26T17:45:00Z,-21.3,47,15.0
TRK-06,2026-07-26T18:00:00Z,9.0,56,15.0
TRK-12,2026-07-26T18:00:00Z,-21.2,44,15.0
TRK-06,2026-07-26T18:15:00Z,4.5,49,15.0
TRK-12,2026-07-26T18:15:00Z,-21.4,43,15.0
TRK-06,2026-07-26T18:30:00Z,4.7,47,15.0
TRK-06,2026-07-26T18:45:00Z,4.7,48,15.0
TRK-11,2026-07-26T20:15:00Z,-20.4,44,15.0
TRK-11,2026-07-26T20:30:00Z,-14.2,55,15.0
TRK-11,2026-07-26T20:45:00Z,-20.5,47,15.0
TRK-11,2026-07-26T21:00:00Z,-20.7,46,15.0
TRK-11,2026-07-26T21:15:00Z,-20.7,43,15.0
TRK-11,2026-07-26T21:30:00Z,-20.6,45,15.0
TRK-11,2026-07-26T21:45:00Z,-20.7,44,15.0
TRK-11,2026-07-26T22:00:00Z,-20.6,43,15.0
TRK-11,2026-07-26T22:15:00Z,-20.7,43,15.0
TRK-12,2026-07-27T06:00:00Z,-20.8,45,15.0
TRK-12,2026-07-27T06:15:00Z,-20.7,47,15.0
TRK-12,2026-07-27T06:30:00Z,-13.5,55,15.0
TRK-12,2026-07-27T06:45:00Z,-20.7,49,15.0
TRK-12,2026-07-27T07:00:00Z,-20.8,47,15.0
TRK-12,2026-07-27T07:15:00Z,-20.9,46,15.0
TRK-12,2026-07-27T07:30:00Z,-20.9,46,15.0
TRK-12,2026-07-27T07:45:00Z,-20.7,44,15.0
TRK-12,2026-07-27T08:00:00Z,-20.7,45,15.0
TRK-09,2026-07-27T09:30:00Z,5.1,46,15.0
TRK-09,2026-07-27T09:45:00Z,4.9,46,15.0
TRK-09,2026-07-27T10:00:00Z,4.8,47,15.0
TRK-11,2026-07-27T10:00:00Z,-21.7,44,15.0
TRK-09,2026-07-27T10:15:00Z,4.8,46,15.0
TRK-11,2026-07-27T10:15:00Z,-21.7,44,15.0
TRK-09,2026-07-27T10:30:00Z,5.0,44,15.0
TRK-11,2026-07-27T10:30:00Z,-21.8,43,15.0
TRK-09,2026-07-27T10:45:00Z,5.0,41,15.0
TRK-11,2026-07-27T10:45:00Z,-21.8,46,15.0
TRK-09,2026-07-27T11:00:00Z,4.8,39,15.0
TRK-11,2026-07-27T11:00:00Z,-21.8,46,15.0
TRK-09,2026-07-27T11:15:00Z,4.9,41,15.0
TRK-11,2026-07-27T11:15:00Z,-21.9,46,15.0
TRK-09,2026-07-27T11:30:00Z,5.0,43,15.0
TRK-11,2026-07-27T11:30:00Z,-21.8,46,15.0
TRK-09,2026-07-27T11:45:00Z,4.8,44,15.0
TRK-11,2026-07-27T11:45:00Z,-21.7,48,15.0
TRK-09,2026-07-27T12:00:00Z,4.8,46,15.0
TRK-11,2026-07-27T12:00:00Z,-21.6,49,15.0
TRK-09,2026-07-27T12:15:00Z,4.9,46,15.0
TRK-11,2026-07-27T12:15:00Z,-21.8,46,15.0
TRK-09,2026-07-27T12:30:00Z,5.0,47,15.0
TRK-11,2026-07-27T12:30:00Z,-22.0,44,15.0
TRK-09,2026-07-27T12:45:00Z,4.9,43,15.0
TRK-11,2026-07-27T12:45:00Z,-22.1,44,15.0
TRK-09,2026-07-27T13:00:00Z,4.8,43,15.0
TRK-11,2026-07-27T13:00:00Z,-22.1,46,15.0
TRK-09,2026-07-27T13:15:00Z,4.7,45,15.0
TRK-11,2026-07-27T13:15:00Z,-22.0,46,15.0
TRK-09,2026-07-27T13:30:00Z,4.8,42,15.0
TRK-11,2026-07-27T13:30:00Z,-22.1,45,15.0
TRK-09,2026-07-27T13:45:00Z,4.7,40,15.0
TRK-11,2026-07-27T13:45:00Z,-22.0,44,15.0
TRK-09,2026-07-27T14:00:00Z,8.9,47,15.0
TRK-11,2026-07-27T14:00:00Z,-21.9,43,15.0
TRK-09,2026-07-27T14:15:00Z,5.1,39,15.0
TRK-11,2026-07-27T14:15:00Z,-22.0,41,15.0
TRK-09,2026-07-27T14:30:00Z,5.0,39,15.0
TRK-11,2026-07-27T14:30:00Z,-21.9,45,15.0
TRK-09,2026-07-27T14:45:00Z,5.0,37,15.0
TRK-11,2026-07-27T14:45:00Z,-12.9,55,15.0
TRK-09,2026-07-27T15:00:00Z,5.1,41,15.0
TRK-11,2026-07-27T15:00:00Z,-21.8,47,15.0
TRK-09,2026-07-27T15:15:00Z,4.9,40,15.0
TRK-11,2026-07-27T15:15:00Z,-21.6,45,15.0
TRK-09,2026-07-27T15:30:00Z,4.8,42,15.0
TRK-11,2026-07-27T15:30:00Z,-21.8,48,15.0
TRK-09,2026-07-27T15:45:00Z,4.8,42,15.0
TRK-11,2026-07-27T15:45:00Z,-21.7,49,15.0
TRK-09,2026-07-27T16:00:00Z,4.8,42,15.0
TRK-11,2026-07-27T16:00:00Z,-21.7,47,15.0
TRK-09,2026-07-27T16:15:00Z,4.8,41,15.0
TRK-11,2026-07-27T16:15:00Z,-21.8,46,15.0
TRK-09,2026-07-27T16:30:00Z,5.0,44,15.0
TRK-11,2026-07-27T16:30:00Z,-21.9,47,15.0
TRK-09,2026-07-27T16:45:00Z,5.0,44,15.0
TRK-11,2026-07-27T16:45:00Z,-21.8,48,15.0
TRK-09,2026-07-27T17:00:00Z,4.9,45,15.0
TRK-11,2026-07-27T17:00:00Z,-21.8,46,15.0
TRK-09,2026-07-27T17:15:00Z,4.9,43,15.0
TRK-11,2026-07-27T17:15:00Z,-21.8,43,15.0
TRK-09,2026-07-27T17:30:00Z,5.0,46,15.0
TRK-11,2026-07-27T17:30:00Z,-21.7,40,15.0
TRK-09,2026-07-27T17:45:00Z,4.9,47,15.0
TRK-11,2026-07-27T17:45:00Z,-21.6,45,15.0
TRK-09,2026-07-27T18:00:00Z,5.0,48,15.0
TRK-11,2026-07-27T18:00:00Z,-21.6,43,15.0
TRK-09,2026-07-27T18:15:00Z,5.0,45,15.0
TRK-11,2026-07-27T18:15:00Z,-21.6,43,15.0
TRK-09,2026-07-27T18:30:00Z,4.8,45,15.0
TRK-11,2026-07-27T18:30:00Z,-21.7,42,15.0
TRK-11,2026-07-27T18:45:00Z,-21.9,43,15.0
TRK-11,2026-07-27T19:00:00Z,-22.0,43,15.0
TRK-11,2026-07-27T19:15:00Z,-22.1,42,15.0
TRK-11,2026-07-27T19:30:00Z,-22.1,43,15.0
TRK-11,2026-07-27T19:45:00Z,-21.9,42,15.0
TRK-11,2026-07-27T20:00:00Z,-21.8,42,15.0
TRK-11,2026-07-27T20:15:00Z,-22.0,41,15.0
TRK-11,2026-07-27T20:30:00Z,-21.9,42,15.0
TRK-11,2026-07-27T20:45:00Z,-22.0,42,15.0
TRK-11,2026-07-27T21:00:00Z,-21.8,44,15.0
TRK-11,2026-07-27T21:15:00Z,-21.8,45,15.0
TRK-11,2026-07-27T21:30:00Z,-21.7,43,15.0
TRK-11,2026-07-27T21:45:00Z,-21.6,44,15.0
TRK-11,2026-07-27T22:00:00Z,-21.8,45,15.0
TRK-01,2026-07-27T22:30:00Z,4.9,40,15.0
TRK-01,2026-07-27T22:45:00Z,4.9,41,15.0
TRK-01,2026-07-27T23:00:00Z,9.6,48,15.0
TRK-01,2026-07-27T23:15:00Z,4.9,43,15.0
TRK-01,2026-07-27T23:30:00Z,5.0,46,15.0
TRK-01,2026-07-27T23:45:00Z,5.0,44,15.0
TRK-01,2026-07-28T00:00:00Z,4.9,42,15.0
TRK-01,2026-07-28T00:15:00Z,4.8,43,15.0
TRK-01,2026-07-28T00:30:00Z,4.7,41,15.0
TRK-01,2026-07-28T00:45:00Z,4.8,45,15.0
TRK-01,2026-07-28T01:00:00Z,4.7,45,15.0
TRK-01,2026-07-28T01:15:00Z,4.7,44,15.0
TRK-01,2026-07-28T01:30:00Z,4.8,44,15.0
TRK-12,2026-07-28T02:00:00Z,-20.4,42,15.0
TRK-12,2026-07-28T02:15:00Z,-20.2,41,15.0
TRK-12,2026-07-28T02:30:00Z,-14.5,50,15.0
TRK-12,2026-07-28T02:45:00Z,-20.5,44,15.0
TRK-12,2026-07-28T03:00:00Z,-20.5,43,15.0
TRK-12,2026-07-28T03:15:00Z,-20.3,42,15.0
TRK-12,2026-07-28T03:30:00Z,-20.5,40,15.0
TRK-12,2026-07-28T03:45:00Z,-20.4,40,15.0
TRK-12,2026-07-28T04:00:00Z,-20.5,40,15.0
TRK-12,2026-07-28T04:15:00Z,-20.6,41,15.0
TRK-12,2026-07-28T04:30:00Z,-20.5,45,15.0
TRK-12,2026-07-28T04:45:00Z,-20.5,45,15.0
TRK-12,2026-07-28T05:00:00Z,-20.6,42,15.0
TRK-09,2026-07-28T06:30:00Z,4.5,51,15.0
TRK-09,2026-07-28T06:45:00Z,9.2,57,15.0
TRK-09,2026-07-28T07:00:00Z,4.4,52,15.0
TRK-09,2026-07-28T07:15:00Z,4.5,50,15.0
TRK-09,2026-07-28T07:30:00Z,4.5,47,15.0
TRK-09,2026-07-28T07:45:00Z,4.3,47,15.0
TRK-09,2026-07-28T08:00:00Z,4.4,48,15.0
TRK-09,2026-07-28T08:15:00Z,4.4,46,15.0
TRK-09,2026-07-28T08:30:00Z,4.5,45,15.0
TRK-11,2026-07-28T09:30:00Z,-19.3,46,15.0
TRK-11,2026-07-28T09:45:00Z,-19.3,43,15.0
TRK-11,2026-07-28T10:00:00Z,-19.3,47,15.0
TRK-11,2026-07-28T10:15:00Z,-19.4,43,15.0
TRK-10,2026-07-28T10:30:00Z,4.4,46,15.0
TRK-11,2026-07-28T10:30:00Z,-19.4,42,15.0
TRK-10,2026-07-28T10:45:00Z,4.3,47,15.0
TRK-11,2026-07-28T10:45:00Z,-19.5,41,15.0
TRK-10,2026-07-28T11:00:00Z,4.4,45,15.0
TRK-11,2026-07-28T11:00:00Z,-19.2,43,15.0
TRK-10,2026-07-28T11:15:00Z,4.3,42,15.0
TRK-11,2026-07-28T11:15:00Z,-19.1,42,15.0
TRK-10,2026-07-28T11:30:00Z,4.5,45,15.0
TRK-11,2026-07-28T11:30:00Z,-19.1,42,15.0
TRK-10,2026-07-28T11:45:00Z,4.3,44,15.0
TRK-11,2026-07-28T11:45:00Z,-19.0,45,15.0
TRK-10,2026-07-28T12:00:00Z,11.0,54,15.0
TRK-11,2026-07-28T12:00:00Z,-19.0,46,15.0
TRK-10,2026-07-28T12:15:00Z,4.2,50,15.0
TRK-11,2026-07-28T12:15:00Z,-19.0,44,15.0
TRK-10,2026-07-28T12:30:00Z,4.3,48,15.0
TRK-11,2026-07-28T12:30:00Z,-19.1,44,15.0
TRK-10,2026-07-28T12:45:00Z,4.4,47,15.0
TRK-11,2026-07-28T12:45:00Z,-19.1,42,15.0
TRK-10,2026-07-28T13:00:00Z,4.3,43,15.0
TRK-11,2026-07-28T13:00:00Z,-19.1,44,15.0
TRK-10,2026-07-28T13:15:00Z,4.4,42,15.0
TRK-11,2026-07-28T13:15:00Z,-19.1,42,15.0
TRK-10,2026-07-28T13:30:00Z,4.5,44,15.0
TRK-11,2026-07-28T13:30:00Z,-19.1,43,15.0
TRK-11,2026-07-28T13:45:00Z,-19.0,42,15.0
TRK-11,2026-07-28T14:00:00Z,-19.1,45,15.0
TRK-11,2026-07-28T14:15:00Z,-19.1,45,15.0
TRK-11,2026-07-28T14:30:00Z,-19.3,46,15.0
TRK-11,2026-07-28T14:45:00Z,-19.3,48,15.0
TRK-11,2026-07-28T15:00:00Z,-19.1,47,15.0
TRK-11,2026-07-28T15:15:00Z,-19.3,44,15.0
TRK-11,2026-07-28T15:30:00Z,-19.4,45,15.0
TRK-11,2026-07-28T15:45:00Z,-19.3,46,15.0
TRK-11,2026-07-28T16:00:00Z,-19.4,48,15.0
TRK-11,2026-07-28T16:15:00Z,-19.5,50,15.0
TRK-11,2026-07-28T16:30:00Z,-19.4,47,15.0
TRK-11,2026-07-28T16:45:00Z,-19.4,48,15.0
TRK-11,2026-07-28T17:00:00Z,-19.3,46,15.0
TRK-11,2026-07-28T17:15:00Z,-19.3,47,15.0
TRK-11,2026-07-28T17:30:00Z,-19.2,47,15.0
TRK-11,2026-07-28T17:45:00Z,-19.0,47,15.0
TRK-11,2026-07-28T18:00:00Z,-19.1,45,15.0
TRK-11,2026-07-28T18:15:00Z,-19.0,43,15.0
TRK-11,2026-07-28T18:30:00Z,-19.3,42,15.0
TRK-11,2026-07-28T18:45:00Z,-14.3,51,15.0
TRK-11,2026-07-28T19:00:00Z,-19.1,47,15.0
TRK-11,2026-07-28T19:15:00Z,-19.3,49,15.0
TRK-11,2026-07-28T19:30:00Z,-19.3,48,15.0
TRK-11,2026-07-28T19:45:00Z,-19.4,46,15.0
TRK-11,2026-07-28T20:00:00Z,-19.5,46,15.0
TRK-11,2026-07-28T20:15:00Z,-19.3,46,15.0
TRK-11,2026-07-28T20:30:00Z,-19.3,44,15.0
TRK-11,2026-07-28T20:45:00Z,-19.2,46,15.0
TRK-11,2026-07-28T21:00:00Z,-19.1,44,15.0
TRK-11,2026-07-28T21:15:00Z,-19.3,43,15.0
TRK-11,2026-07-28T21:30:00Z,-19.3,45,15.0
TRK-12,2026-07-29T00:30:00Z,-20.5,42,15.0
TRK-12,2026-07-29T00:45:00Z,-20.6,45,15.0
TRK-12,2026-07-29T01:00:00Z,-20.6,45,15.0
TRK-12,2026-07-29T01:15:00Z,-20.6,45,15.0
TRK-12,2026-07-29T01:30:00Z,-20.8,45,15.0
TRK-12,2026-07-29T01:45:00Z,-20.6,46,15.0
TRK-12,2026-07-29T02:00:00Z,-20.8,47,15.0
TRK-12,2026-07-29T02:15:00Z,-20.6,48,15.0
TRK-12,2026-07-29T02:30:00Z,-20.8,44,15.0
TRK-12,2026-07-29T02:45:00Z,-20.7,42,15.0
TRK-12,2026-07-29T03:00:00Z,-20.6,41,15.0
TRK-12,2026-07-29T03:15:00Z,-20.8,44,15.0
TRK-12,2026-07-29T03:30:00Z,-20.8,46,15.0
TRK-08,2026-07-29T04:15:00Z,5.3,41,15.0
TRK-08,2026-07-29T04:30:00Z,5.2,41,15.0
TRK-08,2026-07-29T04:45:00Z,5.3,41,15.0
TRK-08,2026-07-29T05:00:00Z,5.2,42,15.0
TRK-08,2026-07-29T05:15:00Z,5.4,42,15.0
TRK-08,2026-07-29T05:30:00Z,5.4,44,15.0
TRK-08,2026-07-29T05:45:00Z,5.5,48,15.0
TRK-08,2026-07-29T06:00:00Z,5.3,48,15.0
TRK-05,2026-07-29T06:15:00Z,4.4,43,15.0
TRK-08,2026-07-29T06:15:00Z,5.4,48,15.0
TRK-05,2026-07-29T06:30:00Z,4.4,44,15.0
TRK-08,2026-07-29T06:30:00Z,5.5,46,15.0
TRK-05,2026-07-29T06:45:00Z,4.3,43,15.0
TRK-08,2026-07-29T06:45:00Z,5.6,49,15.0
TRK-05,2026-07-29T07:00:00Z,4.2,42,15.0
TRK-08,2026-07-29T07:00:00Z,5.4,47,15.0
TRK-05,2026-07-29T07:15:00Z,4.2,41,15.0
TRK-08,2026-07-29T07:15:00Z,5.2,46,15.0
TRK-05,2026-07-29T07:30:00Z,4.2,44,15.0
TRK-08,2026-07-29T07:30:00Z,5.5,44,15.0
TRK-05,2026-07-29T07:45:00Z,4.1,44,15.0
TRK-08,2026-07-29T07:45:00Z,5.6,45,15.0
TRK-05,2026-07-29T08:00:00Z,4.1,43,15.0
TRK-07,2026-07-29T08:00:00Z,5.1,43,15.0
TRK-08,2026-07-29T08:00:00Z,5.6,45,15.0
TRK-05,2026-07-29T08:15:00Z,4.4,46,15.0
TRK-07,2026-07-29T08:15:00Z,5.0,46,15.0
TRK-08,2026-07-29T08:15:00Z,5.5,47,15.0
TRK-05,2026-07-29T08:30:00Z,4.2,44,15.0
TRK-07,2026-07-29T08:30:00Z,5.2,43,15.0
TRK-08,2026-07-29T08:30:00Z,5.5,45,15.0
TRK-10,2026-07-29T08:30:00Z,5.3,45,15.0
TRK-05,2026-07-29T08:45:00Z,4.5,44,15.0
TRK-07,2026-07-29T08:45:00Z,5.3,41,15.0
TRK-08,2026-07-29T08:45:00Z,5.6,46,15.0
TRK-10,2026-07-29T08:45:00Z,5.2,44,15.0
TRK-05,2026-07-29T09:00:00Z,4.5,45,15.0
TRK-07,2026-07-29T09:00:00Z,5.4,40,15.0
TRK-08,2026-07-29T09:00:00Z,5.4,45,15.0
TRK-10,2026-07-29T09:00:00Z,5.3,43,15.0
TRK-05,2026-07-29T09:15:00Z,4.3,42,15.0
TRK-07,2026-07-29T09:15:00Z,5.1,40,15.0
TRK-08,2026-07-29T09:15:00Z,5.4,42,15.0
TRK-10,2026-07-29T09:15:00Z,5.1,41,15.0
TRK-05,2026-07-29T09:30:00Z,4.2,41,15.0
TRK-07,2026-07-29T09:30:00Z,5.0,41,15.0
TRK-08,2026-07-29T09:30:00Z,5.3,42,15.0
TRK-10,2026-07-29T09:30:00Z,5.2,40,15.0
TRK-05,2026-07-29T09:45:00Z,4.4,45,15.0
TRK-07,2026-07-29T09:45:00Z,4.9,42,15.0
TRK-08,2026-07-29T09:45:00Z,5.4,42,15.0
TRK-10,2026-07-29T09:45:00Z,5.2,38,15.0
TRK-05,2026-07-29T10:00:00Z,4.3,48,15.0
TRK-07,2026-07-29T10:00:00Z,5.1,45,15.0
TRK-08,2026-07-29T10:00:00Z,5.3,43,15.0
TRK-10,2026-07-29T10:00:00Z,5.3,43,15.0
TRK-05,2026-07-29T10:15:00Z,4.2,47,15.0
TRK-07,2026-07-29T10:15:00Z,5.0,43,15.0
TRK-08,2026-07-29T10:15:00Z,5.4,42,15.0
TRK-10,2026-07-29T10:15:00Z,5.2,47,15.0
TRK-05,2026-07-29T10:30:00Z,4.2,48,15.0
TRK-07,2026-07-29T10:30:00Z,4.9,43,15.0
TRK-08,2026-07-29T10:30:00Z,5.3,44,15.0
TRK-10,2026-07-29T10:30:00Z,5.3,44,15.0
TRK-05,2026-07-29T10:45:00Z,4.3,50,15.0
TRK-07,2026-07-29T10:45:00Z,4.9,43,15.0
TRK-08,2026-07-29T10:45:00Z,5.4,42,15.0
TRK-10,2026-07-29T10:45:00Z,5.2,44,15.0
TRK-05,2026-07-29T11:00:00Z,8.6,58,15.0
TRK-07,2026-07-29T11:00:00Z,5.1,45,15.0
TRK-08,2026-07-29T11:00:00Z,5.3,41,15.0
TRK-10,2026-07-29T11:00:00Z,5.1,42,15.0
TRK-05,2026-07-29T11:15:00Z,4.3,53,15.0
TRK-07,2026-07-29T11:15:00Z,5.2,46,15.0
TRK-08,2026-07-29T11:15:00Z,5.5,41,15.0
TRK-10,2026-07-29T11:15:00Z,5.0,46,15.0
TRK-05,2026-07-29T11:30:00Z,4.4,50,15.0
TRK-07,2026-07-29T11:30:00Z,5.2,46,15.0
TRK-08,2026-07-29T11:30:00Z,5.5,42,15.0
TRK-10,2026-07-29T11:30:00Z,5.1,44,15.0
TRK-05,2026-07-29T11:45:00Z,4.3,47,15.0
TRK-07,2026-07-29T11:45:00Z,5.2,46,15.0
TRK-08,2026-07-29T11:45:00Z,10.6,49,15.0
TRK-10,2026-07-29T11:45:00Z,5.2,44,15.0
TRK-05,2026-07-29T12:00:00Z,4.3,47,15.0
TRK-07,2026-07-29T12:00:00Z,5.0,49,15.0
TRK-08,2026-07-29T12:00:00Z,5.3,44,15.0
TRK-10,2026-07-29T12:00:00Z,5.3,43,15.0
TRK-05,2026-07-29T12:15:00Z,4.5,44,15.0
TRK-07,2026-07-29T12:15:00Z,4.9,47,15.0
TRK-08,2026-07-29T12:15:00Z,5.4,45,15.0
TRK-10,2026-07-29T12:15:00Z,5.3,42,15.0
TRK-07,2026-07-29T12:30:00Z,4.9,48,15.0
TRK-08,2026-07-29T12:30:00Z,5.4,44,15.0
TRK-10,2026-07-29T12:30:00Z,5.2,42,15.0
TRK-07,2026-07-29T12:45:00Z,5.0,46,15.0
TRK-08,2026-07-29T12:45:00Z,5.3,44,15.0
TRK-10,2026-07-29T12:45:00Z,5.1,45,15.0
TRK-07,2026-07-29T13:00:00Z,4.9,45,15.0
TRK-08,2026-07-29T13:00:00Z,5.3,43,15.0
TRK-10,2026-07-29T13:00:00Z,5.2,42,15.0
TRK-07,2026-07-29T13:15:00Z,5.0,46,15.0
TRK-08,2026-07-29T13:15:00Z,5.3,45,15.0
TRK-09,2026-07-29T13:15:00Z,5.1,42,15.0
TRK-10,2026-07-29T13:15:00Z,5.1,46,15.0
TRK-07,2026-07-29T13:30:00Z,5.2,45,15.0
TRK-08,2026-07-29T13:30:00Z,5.2,44,15.0
TRK-09,2026-07-29T13:30:00Z,5.2,45,15.0
TRK-10,2026-07-29T13:30:00Z,5.2,44,15.0
TRK-07,2026-07-29T13:45:00Z,5.2,45,15.0
TRK-08,2026-07-29T13:45:00Z,5.2,45,15.0
TRK-09,2026-07-29T13:45:00Z,5.3,42,15.0
TRK-10,2026-07-29T13:45:00Z,5.1,45,15.0
TRK-07,2026-07-29T14:00:00Z,5.2,45,15.0
TRK-08,2026-07-29T14:00:00Z,5.3,43,15.0
TRK-09,2026-07-29T14:00:00Z,5.4,42,15.0
TRK-10,2026-07-29T14:00:00Z,5.0,42,15.0
TRK-07,2026-07-29T14:15:00Z,5.2,45,15.0
TRK-08,2026-07-29T14:15:00Z,5.5,43,15.0
TRK-09,2026-07-29T14:15:00Z,5.4,45,15.0
TRK-10,2026-07-29T14:15:00Z,5.0,42,15.0
TRK-07,2026-07-29T14:30:00Z,5.3,46,15.0
TRK-08,2026-07-29T14:30:00Z,5.5,45,15.0
TRK-09,2026-07-29T14:30:00Z,5.4,46,15.0
TRK-10,2026-07-29T14:30:00Z,5.1,42,15.0
TRK-07,2026-07-29T14:45:00Z,5.3,48,15.0
TRK-08,2026-07-29T14:45:00Z,5.5,47,15.0
TRK-09,2026-07-29T14:45:00Z,5.4,47,15.0
TRK-10,2026-07-29T14:45:00Z,5.0,42,15.0
TRK-07,2026-07-29T15:00:00Z,5.3,47,15.0
TRK-08,2026-07-29T15:00:00Z,5.6,47,15.0
TRK-09,2026-07-29T15:00:00Z,5.3,46,15.0
TRK-10,2026-07-29T15:00:00Z,5.2,42,15.0
TRK-07,2026-07-29T15:15:00Z,5.2,45,15.0
TRK-08,2026-07-29T15:15:00Z,5.5,48,15.0
TRK-09,2026-07-29T15:15:00Z,5.3,43,15.0
TRK-10,2026-07-29T15:15:00Z,5.3,42,15.0
TRK-07,2026-07-29T15:30:00Z,5.0,44,15.0
TRK-09,2026-07-29T15:30:00Z,5.1,42,15.0
TRK-10,2026-07-29T15:30:00Z,5.2,42,15.0
TRK-07,2026-07-29T15:45:00Z,5.1,47,15.0
TRK-09,2026-07-29T15:45:00Z,5.0,41,15.0
TRK-10,2026-07-29T15:45:00Z,5.3,44,15.0
TRK-07,2026-07-29T16:00:00Z,5.0,46,15.0
TRK-09,2026-07-29T16:00:00Z,5.1,43,15.0
TRK-10,2026-07-29T16:00:00Z,5.3,44,15.0
TRK-07,2026-07-29T16:15:00Z,5.1,47,15.0
TRK-09,2026-07-29T16:15:00Z,5.0,45,15.0
TRK-10,2026-07-29T16:15:00Z,5.2,43,15.0
TRK-07,2026-07-29T16:30:00Z,5.1,47,15.0
TRK-10,2026-07-29T16:30:00Z,5.1,43,15.0
TRK-07,2026-07-29T16:45:00Z,5.1,45,15.0
TRK-10,2026-07-29T16:45:00Z,5.3,44,15.0
TRK-07,2026-07-29T17:00:00Z,5.2,46,15.0
TRK-10,2026-07-29T17:00:00Z,5.4,43,15.0
TRK-10,2026-07-29T17:15:00Z,5.4,46,15.0
TRK-10,2026-07-29T17:30:00Z,5.4,47,15.0
TRK-10,2026-07-29T17:45:00Z,5.2,46,15.0
TRK-10,2026-07-29T18:00:00Z,5.3,44,15.0
TRK-08,2026-07-29T18:15:00Z,4.4,43,15.0
TRK-10,2026-07-29T18:15:00Z,5.3,45,15.0
TRK-08,2026-07-29T18:30:00Z,4.3,44,15.0
TRK-10,2026-07-29T18:30:00Z,5.3,46,15.0
TRK-08,2026-07-29T18:45:00Z,4.3,43,15.0
TRK-10,2026-07-29T18:45:00Z,5.3,46,15.0
TRK-08,2026-07-29T19:00:00Z,4.1,45,15.0
TRK-10,2026-07-29T19:00:00Z,5.2,45,15.0
TRK-08,2026-07-29T19:15:00Z,4.2,44,15.0
TRK-10,2026-07-29T19:15:00Z,5.0,43,15.0
TRK-08,2026-07-29T19:30:00Z,10.4,54,15.0
TRK-10,2026-07-29T19:30:00Z,5.1,41,15.0
TRK-08,2026-07-29T19:45:00Z,4.3,46,15.0
TRK-10,2026-07-29T19:45:00Z,5.1,43,15.0
TRK-02,2026-07-29T20:00:00Z,5.2,43,15.0
TRK-08,2026-07-29T20:00:00Z,4.2,44,15.0
TRK-10,2026-07-29T20:00:00Z,5.0,42,15.0
TRK-02,2026-07-29T20:15:00Z,5.1,43,15.0
TRK-08,2026-07-29T20:15:00Z,4.3,45,15.0
TRK-10,2026-07-29T20:15:00Z,4.9,44,15.0
TRK-02,2026-07-29T20:30:00Z,5.2,42,15.0
TRK-08,2026-07-29T20:30:00Z,4.3,43,15.0
TRK-10,2026-07-29T20:30:00Z,5.1,42,15.0
TRK-02,2026-07-29T20:45:00Z,10.6,53,15.0
TRK-08,2026-07-29T20:45:00Z,4.1,43,15.0
TRK-02,2026-07-29T21:00:00Z,5.2,49,15.0
TRK-08,2026-07-29T21:00:00Z,4.2,42,15.0
TRK-02,2026-07-29T21:15:00Z,5.0,49,15.0
TRK-08,2026-07-29T21:15:00Z,4.1,44,15.0
TRK-02,2026-07-29T21:30:00Z,5.1,50,15.0
TRK-08,2026-07-29T21:30:00Z,4.2,47,15.0
TRK-02,2026-07-29T21:45:00Z,5.2,49,15.0
TRK-08,2026-07-29T21:45:00Z,4.4,46,15.0
TRK-02,2026-07-29T22:00:00Z,4.9,44,15.0
TRK-08,2026-07-29T22:00:00Z,4.4,43,15.0
TRK-02,2026-07-29T22:15:00Z,4.9,47,15.0
TRK-08,2026-07-29T22:15:00Z,4.4,46,15.0
TRK-02,2026-07-29T22:30:00Z,5.1,43,15.0
TRK-02,2026-07-29T22:45:00Z,5.1,44,15.0
TRK-02,2026-07-29T23:00:00Z,5.1,42,15.0
TRK-01,2026-07-29T23:30:00Z,5.0,47,15.0
TRK-01,2026-07-29T23:45:00Z,4.8,48,15.0
TRK-01,2026-07-30T00:00:00Z,4.7,45,15.0
TRK-01,2026-07-30T00:15:00Z,4.9,46,15.0
TRK-01,2026-07-30T00:30:00Z,4.9,47,15.0
TRK-01,2026-07-30T00:45:00Z,10.2,57,15.0
TRK-01,2026-07-30T01:00:00Z,4.8,52,15.0
TRK-01,2026-07-30T01:15:00Z,4.8,46,15.0
TRK-01,2026-07-30T01:30:00Z,5.0,43,15.0
TRK-01,2026-07-30T01:45:00Z,4.8,44,15.0
TRK-01,2026-07-30T02:00:00Z,5.0,42,15.0
TRK-01,2026-07-30T02:15:00Z,5.0,41,15.0
TRK-01,2026-07-30T02:30:00Z,5.1,45,15.0
TRK-09,2026-07-30T04:15:00Z,5.6,39,15.0
TRK-09,2026-07-30T04:30:00Z,5.6,41,15.0
TRK-02,2026-07-30T04:45:00Z,5.1,46,15.0
TRK-09,2026-07-30T04:45:00Z,5.5,45,15.0
TRK-02,2026-07-30T05:00:00Z,5.3,44,15.0
TRK-09,2026-07-30T05:00:00Z,5.4,45,15.0
TRK-02,2026-07-30T05:15:00Z,5.3,46,15.0
TRK-09,2026-07-30T05:15:00Z,5.3,47,15.0
TRK-02,2026-07-30T05:30:00Z,5.1,44,15.0
TRK-09,2026-07-30T05:30:00Z,5.5,46,15.0
TRK-02,2026-07-30T05:45:00Z,5.0,46,15.0
TRK-09,2026-07-30T05:45:00Z,5.4,46,15.0
TRK-02,2026-07-30T06:00:00Z,5.1,42,15.0
TRK-09,2026-07-30T06:00:00Z,5.6,47,15.0
TRK-02,2026-07-30T06:15:00Z,5.0,46,15.0
TRK-06,2026-07-30T06:15:00Z,4.9,43,15.0
TRK-09,2026-07-30T06:15:00Z,5.6,46,15.0
TRK-02,2026-07-30T06:30:00Z,5.1,47,15.0
TRK-06,2026-07-30T06:30:00Z,5.0,44,15.0
TRK-09,2026-07-30T06:30:00Z,5.6,48,15.0
TRK-02,2026-07-30T06:45:00Z,5.2,48,15.0
TRK-06,2026-07-30T06:45:00Z,4.8,45,15.0
TRK-09,2026-07-30T06:45:00Z,5.5,48,15.0
TRK-02,2026-07-30T07:00:00Z,5.0,47,15.0
TRK-06,2026-07-30T07:00:00Z,4.8,45,15.0
TRK-09,2026-07-30T07:00:00Z,5.6,48,15.0
TRK-02,2026-07-30T07:15:00Z,4.9,46,15.0
TRK-06,2026-07-30T07:15:00Z,4.8,43,15.0
TRK-09,2026-07-30T07:15:00Z,5.6,46,15.0
TRK-02,2026-07-30T07:30:00Z,5.1,44,15.0
TRK-06,2026-07-30T07:30:00Z,4.8,41,15.0
TRK-09,2026-07-30T07:30:00Z,5.6,46,15.0
TRK-02,2026-07-30T07:45:00Z,5.1,45,15.0
TRK-06,2026-07-30T07:45:00Z,4.9,43,15.0
TRK-09,2026-07-30T07:45:00Z,5.5,47,15.0
TRK-02,2026-07-30T08:00:00Z,5.2,48,15.0
TRK-06,2026-07-30T08:00:00Z,5.0,42,15.0
TRK-09,2026-07-30T08:00:00Z,5.6,47,15.0
TRK-02,2026-07-30T08:15:00Z,5.0,47,15.0
TRK-06,2026-07-30T08:15:00Z,5.1,46,15.0
TRK-09,2026-07-30T08:15:00Z,5.7,46,15.0
TRK-02,2026-07-30T08:30:00Z,5.0,48,15.0
TRK-06,2026-07-30T08:30:00Z,4.9,47,15.0
TRK-09,2026-07-30T08:30:00Z,5.6,46,15.0
TRK-02,2026-07-30T08:45:00Z,5.1,49,15.0
TRK-06,2026-07-30T08:45:00Z,4.8,46,15.0
TRK-09,2026-07-30T08:45:00Z,5.6,49,15.0
TRK-02,2026-07-30T09:00:00Z,4.9,45,15.0
TRK-06,2026-07-30T09:00:00Z,4.7,46,15.0
TRK-09,2026-07-30T09:00:00Z,5.5,46,15.0
TRK-10,2026-07-30T09:00:00Z,4.5,50,15.0
TRK-02,2026-07-30T09:15:00Z,5.0,44,15.0
TRK-06,2026-07-30T09:15:00Z,4.8,48,15.0
TRK-09,2026-07-30T09:15:00Z,5.5,46,15.0
TRK-10,2026-07-30T09:15:00Z,4.6,48,15.0
TRK-02,2026-07-30T09:30:00Z,4.9,45,15.0
TRK-06,2026-07-30T09:30:00Z,5.0,45,15.0
TRK-09,2026-07-30T09:30:00Z,5.6,46,15.0
TRK-10,2026-07-30T09:30:00Z,4.7,50,15.0
TRK-02,2026-07-30T09:45:00Z,4.9,47,15.0
TRK-06,2026-07-30T09:45:00Z,5.0,47,15.0
TRK-09,2026-07-30T09:45:00Z,5.5,44,15.0
TRK-10,2026-07-30T09:45:00Z,4.6,45,15.0
TRK-02,2026-07-30T10:00:00Z,10.0,58,15.0
TRK-06,2026-07-30T10:00:00Z,5.1,49,15.0
TRK-09,2026-07-30T10:00:00Z,5.4,42,15.0
TRK-10,2026-07-30T10:00:00Z,4.5,43,15.0
TRK-02,2026-07-30T10:15:00Z,5.2,54,15.0
TRK-06,2026-07-30T10:15:00Z,4.9,49,15.0
TRK-09,2026-07-30T10:15:00Z,5.5,46,15.0
TRK-10,2026-07-30T10:15:00Z,4.6,43,15.0
TRK-02,2026-07-30T10:30:00Z,5.2,54,15.0
TRK-06,2026-07-30T10:30:00Z,4.7,46,15.0
TRK-09,2026-07-30T10:30:00Z,5.6,47,15.0
TRK-10,2026-07-30T10:30:00Z,4.4,42,15.0
TRK-02,2026-07-30T10:45:00Z,5.0,51,15.0
TRK-06,2026-07-30T10:45:00Z,4.6,47,15.0
TRK-09,2026-07-30T10:45:00Z,5.5,45,15.0
TRK-10,2026-07-30T10:45:00Z,4.4,45,15.0
TRK-02,2026-07-30T11:00:00Z,5.2,49,15.0
TRK-06,2026-07-30T11:00:00Z,4.7,43,15.0
TRK-09,2026-07-30T11:00:00Z,5.4,47,15.0
TRK-10,2026-07-30T11:00:00Z,4.4,48,15.0
TRK-02,2026-07-30T11:15:00Z,5.1,45,15.0
TRK-06,2026-07-30T11:15:00Z,4.8,45,15.0
TRK-09,2026-07-30T11:15:00Z,5.5,48,15.0
TRK-10,2026-07-30T11:15:00Z,4.4,49,15.0
TRK-02,2026-07-30T11:30:00Z,5.1,44,15.0
TRK-06,2026-07-30T11:30:00Z,4.8,44,15.0
TRK-09,2026-07-30T11:30:00Z,5.5,47,15.0
TRK-10,2026-07-30T11:30:00Z,4.6,48,15.0
TRK-02,2026-07-30T11:45:00Z,5.1,42,15.0
TRK-06,2026-07-30T11:45:00Z,4.8,44,15.0
TRK-09,2026-07-30T11:45:00Z,5.4,44,15.0
TRK-10,2026-07-30T11:45:00Z,4.4,45,15.0
TRK-02,2026-07-30T12:00:00Z,5.2,46,15.0
TRK-06,2026-07-30T12:00:00Z,5.0,47,15.0
TRK-09,2026-07-30T12:00:00Z,5.4,44,15.0
TRK-10,2026-07-30T12:00:00Z,8.9,53,15.0
TRK-02,2026-07-30T12:15:00Z,5.2,45,15.0
TRK-06,2026-07-30T12:15:00Z,4.9,48,15.0
TRK-09,2026-07-30T12:15:00Z,5.5,47,15.0
TRK-10,2026-07-30T12:15:00Z,4.7,46,15.0
TRK-02,2026-07-30T12:30:00Z,5.3,47,15.0
TRK-06,2026-07-30T12:30:00Z,4.7,47,15.0
TRK-09,2026-07-30T12:30:00Z,5.7,49,15.0
TRK-10,2026-07-30T12:30:00Z,4.5,47,15.0
TRK-02,2026-07-30T12:45:00Z,5.3,48,15.0
TRK-06,2026-07-30T12:45:00Z,5.0,43,15.0
TRK-09,2026-07-30T12:45:00Z,5.5,46,15.0
TRK-10,2026-07-30T12:45:00Z,4.5,48,15.0
TRK-02,2026-07-30T13:00:00Z,5.2,45,15.0
TRK-06,2026-07-30T13:00:00Z,5.0,44,15.0
TRK-09,2026-07-30T13:00:00Z,5.6,46,15.0
TRK-10,2026-07-30T13:00:00Z,4.7,45,15.0
TRK-02,2026-07-30T13:15:00Z,5.0,46,15.0
TRK-06,2026-07-30T13:15:00Z,5.1,46,15.0
TRK-09,2026-07-30T13:15:00Z,5.6,47,15.0
TRK-10,2026-07-30T13:15:00Z,4.6,47,15.0
TRK-02,2026-07-30T13:30:00Z,5.1,44,15.0
TRK-06,2026-07-30T13:30:00Z,4.8,45,15.0
TRK-09,2026-07-30T13:30:00Z,5.6,49,15.0
TRK-10,2026-07-30T13:30:00Z,4.7,45,15.0
TRK-02,2026-07-30T13:45:00Z,5.2,45,15.0
TRK-06,2026-07-30T13:45:00Z,5.0,46,15.0
TRK-09,2026-07-30T13:45:00Z,5.6,46,15.0
TRK-10,2026-07-30T13:45:00Z,4.6,43,15.0
TRK-02,2026-07-30T14:00:00Z,5.2,42,15.0
TRK-06,2026-07-30T14:00:00Z,4.9,46,15.0
TRK-09,2026-07-30T14:00:00Z,5.7,43,15.0
TRK-10,2026-07-30T14:00:00Z,4.5,44,15.0
TRK-02,2026-07-30T14:15:00Z,5.2,41,15.0
TRK-06,2026-07-30T14:15:00Z,5.0,46,15.0
TRK-09,2026-07-30T14:15:00Z,10.4,50,15.0
TRK-10,2026-07-30T14:15:00Z,4.5,43,15.0
TRK-02,2026-07-30T14:30:00Z,5.2,46,15.0
TRK-06,2026-07-30T14:30:00Z,4.8,44,15.0
TRK-09,2026-07-30T14:30:00Z,5.6,45,15.0
TRK-10,2026-07-30T14:30:00Z,4.7,42,15.0
TRK-02,2026-07-30T14:45:00Z,5.1,47,15.0
TRK-06,2026-07-30T14:45:00Z,4.7,42,15.0
TRK-09,2026-07-30T14:45:00Z,5.4,48,15.0
TRK-10,2026-07-30T14:45:00Z,4.5,43,15.0
TRK-02,2026-07-30T15:00:00Z,5.2,47,15.0
TRK-06,2026-07-30T15:00:00Z,4.9,45,15.0
TRK-09,2026-07-30T15:00:00Z,5.3,48,15.0
TRK-10,2026-07-30T15:00:00Z,4.7,46,15.0
TRK-02,2026-07-30T15:15:00Z,5.2,48,15.0
TRK-06,2026-07-30T15:15:00Z,4.7,44,15.0
TRK-09,2026-07-30T15:15:00Z,5.5,44,15.0
TRK-10,2026-07-30T15:15:00Z,4.7,46,15.0
TRK-02,2026-07-30T15:30:00Z,5.1,46,15.0
TRK-06,2026-07-30T15:30:00Z,4.6,44,15.0
TRK-09,2026-07-30T15:30:00Z,5.6,41,15.0
TRK-10,2026-07-30T15:30:00Z,4.8,46,15.0
TRK-02,2026-07-30T15:45:00Z,5.0,44,15.0
TRK-06,2026-07-30T15:45:00Z,4.6,45,15.0
TRK-09,2026-07-30T15:45:00Z,5.7,41,15.0
TRK-10,2026-07-30T15:45:00Z,4.6,45,15.0
TRK-02,2026-07-30T16:00:00Z,5.1,46,15.0
TRK-06,2026-07-30T16:00:00Z,4.9,43,15.0
TRK-09,2026-07-30T16:00:00Z,5.9,44,15.0
TRK-10,2026-07-30T16:00:00Z,4.6,45,15.0
TRK-02,2026-07-30T16:15:00Z,4.9,49,15.0
TRK-06,2026-07-30T16:15:00Z,4.9,45,15.0
TRK-09,2026-07-30T16:15:00Z,5.9,46,15.0
TRK-10,2026-07-30T16:15:00Z,4.5,44,15.0
TRK-02,2026-07-30T16:30:00Z,4.9,50,15.0
TRK-06,2026-07-30T16:30:00Z,11.2,53,15.0
TRK-10,2026-07-30T16:30:00Z,4.5,47,15.0
TRK-02,2026-07-30T16:45:00Z,5.1,46,15.0
TRK-06,2026-07-30T16:45:00Z,5.0,49,15.0
TRK-10,2026-07-30T16:45:00Z,4.7,49,15.0
TRK-06,2026-07-30T17:00:00Z,4.9,46,15.0
TRK-10,2026-07-30T17:00:00Z,4.6,48,15.0
TRK-06,2026-07-30T17:15:00Z,5.0,46,15.0
TRK-10,2026-07-30T17:15:00Z,4.5,45,15.0
TRK-10,2026-07-30T17:30:00Z,4.6,45,15.0
TRK-10,2026-07-30T17:45:00Z,4.6,48,15.0
TRK-10,2026-07-30T18:00:00Z,4.6,45,15.0
TRK-07,2026-07-30T18:15:00Z,4.7,47,15.0
TRK-07,2026-07-30T18:30:00Z,4.7,45,15.0
TRK-01,2026-07-30T18:45:00Z,4.4,39,15.0
TRK-07,2026-07-30T18:45:00Z,4.8,43,15.0
TRK-01,2026-07-30T19:00:00Z,4.3,41,15.0
TRK-07,2026-07-30T19:00:00Z,4.7,41,15.0
TRK-01,2026-07-30T19:15:00Z,4.2,44,15.0
TRK-07,2026-07-30T19:15:00Z,4.7,42,15.0
TRK-01,2026-07-30T19:30:00Z,4.1,42,15.0
TRK-07,2026-07-30T19:30:00Z,4.7,42,15.0
TRK-01,2026-07-30T19:45:00Z,4.3,42,15.0
TRK-07,2026-07-30T19:45:00Z,10.8,51,15.0
TRK-01,2026-07-30T20:00:00Z,4.4,42,15.0
TRK-07,2026-07-30T20:00:00Z,4.8,44,15.0
TRK-01,2026-07-30T20:15:00Z,4.2,43,15.0
TRK-07,2026-07-30T20:15:00Z,4.9,45,15.0
TRK-01,2026-07-30T20:30:00Z,4.2,44,15.0
TRK-07,2026-07-30T20:30:00Z,4.9,44,15.0
TRK-01,2026-07-30T20:45:00Z,4.2,46,15.0
TRK-07,2026-07-30T20:45:00Z,4.9,44,15.0
TRK-01,2026-07-30T21:00:00Z,4.1,46,15.0
TRK-05,2026-07-30T21:00:00Z,4.4,50,15.0
TRK-07,2026-07-30T21:00:00Z,4.7,41,15.0
TRK-01,2026-07-30T21:15:00Z,4.1,46,15.0
TRK-05,2026-07-30T21:15:00Z,4.4,48,15.0
TRK-07,2026-07-30T21:15:00Z,4.6,42,15.0
TRK-08,2026-07-30T21:15:00Z,4.8,46,15.0
TRK-01,2026-07-30T21:30:00Z,4.1,44,15.0
TRK-05,2026-07-30T21:30:00Z,4.5,46,15.0
TRK-07,2026-07-30T21:30:00Z,4.5,45,15.0
TRK-08,2026-07-30T21:30:00Z,4.7,44,15.0
TRK-01,2026-07-30T21:45:00Z,4.1,47,15.0
TRK-05,2026-07-30T21:45:00Z,4.3,47,15.0
TRK-07,2026-07-30T21:45:00Z,4.7,46,15.0
TRK-08,2026-07-30T21:45:00Z,4.8,45,15.0
TRK-01,2026-07-30T22:00:00Z,4.4,49,15.0
TRK-05,2026-07-30T22:00:00Z,4.2,45,15.0
TRK-07,2026-07-30T22:00:00Z,4.8,46,15.0
TRK-08,2026-07-30T22:00:00Z,4.9,48,15.0
TRK-01,2026-07-30T22:15:00Z,4.3,46,15.0
TRK-05,2026-07-30T22:15:00Z,4.4,44,15.0
TRK-07,2026-07-30T22:15:00Z,4.8,46,15.0
TRK-08,2026-07-30T22:15:00Z,5.0,48,15.0
TRK-01,2026-07-30T22:30:00Z,4.5,44,15.0
TRK-05,2026-07-30T22:30:00Z,4.4,44,15.0
TRK-07,2026-07-30T22:30:00Z,4.7,48,15.0
TRK-08,2026-07-30T22:30:00Z,8.9,54,15.0
TRK-01,2026-07-30T22:45:00Z,4.3,45,15.0
TRK-05,2026-07-30T22:45:00Z,4.6,42,15.0
TRK-07,2026-07-30T22:45:00Z,4.8,46,15.0
TRK-08,2026-07-30T22:45:00Z,5.1,47,15.0
TRK-01,2026-07-30T23:00:00Z,4.2,44,15.0
TRK-05,2026-07-30T23:00:00Z,4.4,42,15.0
TRK-07,2026-07-30T23:00:00Z,4.8,44,15.0
TRK-08,2026-07-30T23:00:00Z,5.0,47,15.0
TRK-01,2026-07-30T23:15:00Z,4.2,44,15.0
TRK-05,2026-07-30T23:15:00Z,4.4,45,15.0
TRK-07,2026-07-30T23:15:00Z,4.9,43,15.0
TRK-08,2026-07-30T23:15:00Z,5.1,46,15.0
TRK-01,2026-07-30T23:30:00Z,4.2,44,15.0
TRK-05,2026-07-30T23:30:00Z,4.5,44,15.0
TRK-07,2026-07-30T23:30:00Z,4.8,44,15.0
TRK-08,2026-07-30T23:30:00Z,5.2,46,15.0
TRK-01,2026-07-30T23:45:00Z,4.3,45,15.0
TRK-05,2026-07-30T23:45:00Z,4.3,43,15.0
TRK-07,2026-07-30T23:45:00Z,4.9,42,15.0
TRK-08,2026-07-30T23:45:00Z,5.0,48,15.0
TRK-01,2026-07-31T00:00:00Z,4.3,44,15.0
TRK-05,2026-07-31T00:00:00Z,4.4,44,15.0
TRK-07,2026-07-31T00:00:00Z,5.0,40,15.0
TRK-08,2026-07-31T00:00:00Z,5.0,47,15.0
TRK-01,2026-07-31T00:15:00Z,4.3,43,15.0
TRK-05,2026-07-31T00:15:00Z,4.5,44,15.0
TRK-07,2026-07-31T00:15:00Z,4.7,38,15.0
TRK-08,2026-07-31T00:15:00Z,5.0,48,15.0
TRK-01,2026-07-31T00:30:00Z,4.4,45,15.0
TRK-05,2026-07-31T00:30:00Z,4.5,46,15.0
TRK-07,2026-07-31T00:30:00Z,4.8,42,15.0
TRK-08,2026-07-31T00:30:00Z,5.1,46,15.0
TRK-01,2026-07-31T00:45:00Z,4.3,47,15.0
TRK-05,2026-07-31T00:45:00Z,4.6,45,15.0
TRK-07,2026-07-31T00:45:00Z,4.7,46,15.0
TRK-08,2026-07-31T00:45:00Z,5.1,46,15.0
TRK-01,2026-07-31T01:00:00Z,4.5,47,15.0
TRK-05,2026-07-31T01:00:00Z,10.4,54,15.0
TRK-07,2026-07-31T01:00:00Z,4.7,47,15.0
TRK-08,2026-07-31T01:00:00Z,5.0,44,15.0
TRK-01,2026-07-31T01:15:00Z,4.5,47,15.0
TRK-05,2026-07-31T01:15:00Z,4.2,46,15.0
TRK-07,2026-07-31T01:15:00Z,4.6,45,15.0
TRK-08,2026-07-31T01:15:00Z,4.9,45,15.0
TRK-01,2026-07-31T01:30:00Z,4.3,47,15.0
TRK-05,2026-07-31T01:30:00Z,4.1,42,15.0
TRK-01,2026-07-31T01:45:00Z,4.2,47,15.0
TRK-05,2026-07-31T01:45:00Z,4.1,44,15.0
TRK-05,2026-07-31T02:00:00Z,4.3,45,15.0
TRK-08,2026-07-31T05:30:00Z,4.6,47,15.0
TRK-08,2026-07-31T05:45:00Z,4.4,47,15.0
TRK-08,2026-07-31T06:00:00Z,4.6,48,15.0
TRK-08,2026-07-31T06:15:00Z,4.4,47,15.0
TRK-08,2026-07-31T06:30:00Z,4.2,45,15.0
TRK-08,2026-07-31T06:45:00Z,4.4,45,15.0
TRK-08,2026-07-31T07:00:00Z,4.4,47,15.0
TRK-08,2026-07-31T07:15:00Z,4.6,46,15.0
TRK-08,2026-07-31T07:30:00Z,4.7,44,15.0
TRK-06,2026-07-31T07:45:00Z,5.2,48,15.0
TRK-08,2026-07-31T07:45:00Z,4.6,42,15.0
TRK-06,2026-07-31T08:00:00Z,9.2,54,15.0
TRK-08,2026-07-31T08:00:00Z,4.5,44,15.0
TRK-06,2026-07-31T08:15:00Z,5.3,48,15.0
TRK-08,2026-07-31T08:15:00Z,4.5,45,15.0
TRK-06,2026-07-31T08:30:00Z,5.2,48,15.0
TRK-08,2026-07-31T08:30:00Z,4.5,45,15.0
TRK-06,2026-07-31T08:45:00Z,5.1,49,15.0
TRK-08,2026-07-31T08:45:00Z,4.3,43,15.0
TRK-06,2026-07-31T09:00:00Z,5.2,49,15.0
TRK-08,2026-07-31T09:00:00Z,4.2,45,15.0
TRK-06,2026-07-31T09:15:00Z,5.3,49,15.0
TRK-08,2026-07-31T09:15:00Z,4.4,42,15.0
TRK-11,2026-07-31T09:15:00Z,-19.3,50,15.0
TRK-06,2026-07-31T09:30:00Z,5.3,46,15.0
TRK-08,2026-07-31T09:30:00Z,4.3,41,15.0
TRK-11,2026-07-31T09:30:00Z,-19.4,49,15.0
TRK-06,2026-07-31T09:45:00Z,5.2,48,15.0
TRK-08,2026-07-31T09:45:00Z,4.2,44,15.0
TRK-11,2026-07-31T09:45:00Z,-19.5,47,15.0
TRK-08,2026-07-31T10:00:00Z,4.4,42,15.0
TRK-11,2026-07-31T10:00:00Z,-19.4,46,15.0
TRK-08,2026-07-31T10:15:00Z,4.3,44,15.0
TRK-11,2026-07-31T10:15:00Z,-19.2,46,15.0
TRK-08,2026-07-31T10:30:00Z,4.5,44,15.0
TRK-11,2026-07-31T10:30:00Z,-19.1,47,15.0
TRK-08,2026-07-31T10:45:00Z,4.5,44,15.0
TRK-11,2026-07-31T10:45:00Z,-19.3,47,15.0
TRK-08,2026-07-31T11:00:00Z,4.4,43,15.0
TRK-11,2026-07-31T11:00:00Z,-19.4,45,15.0
TRK-08,2026-07-31T11:15:00Z,4.5,43,15.0
TRK-11,2026-07-31T11:15:00Z,-19.4,46,15.0
TRK-08,2026-07-31T11:30:00Z,4.5,44,15.0
TRK-11,2026-07-31T11:30:00Z,-19.3,44,15.0
TRK-08,2026-07-31T11:45:00Z,4.6,44,15.0
TRK-11,2026-07-31T11:45:00Z,-19.2,47,15.0
TRK-08,2026-07-31T12:00:00Z,4.6,43,15.0
TRK-11,2026-07-31T12:00:00Z,-19.2,44,15.0
TRK-08,2026-07-31T12:15:00Z,4.5,42,15.0
TRK-11,2026-07-31T12:15:00Z,-19.2,44,15.0
TRK-08,2026-07-31T12:30:00Z,4.4,41,15.0
TRK-11,2026-07-31T12:30:00Z,-19.4,44,15.0
TRK-08,2026-07-31T12:45:00Z,4.6,40,15.0
TRK-11,2026-07-31T12:45:00Z,-19.4,41,15.0
TRK-08,2026-07-31T13:00:00Z,4.6,39,15.0
TRK-11,2026-07-31T13:00:00Z,-19.5,42,15.0
TRK-08,2026-07-31T13:15:00Z,4.6,43,15.0
TRK-11,2026-07-31T13:15:00Z,-19.4,41,15.0
TRK-08,2026-07-31T13:30:00Z,4.6,44,15.0
TRK-11,2026-07-31T13:30:00Z,-19.3,43,15.0
TRK-02,2026-07-31T13:45:00Z,5.3,44,15.0
TRK-08,2026-07-31T13:45:00Z,4.5,43,15.0
TRK-11,2026-07-31T13:45:00Z,-19.4,46,15.0
TRK-02,2026-07-31T14:00:00Z,5.3,43,15.0
TRK-08,2026-07-31T14:00:00Z,4.4,43,15.0
TRK-11,2026-07-31T14:00:00Z,-19.3,46,15.0
TRK-02,2026-07-31T14:15:00Z,10.0,54,15.0
TRK-08,2026-07-31T14:15:00Z,4.3,45,15.0
TRK-11,2026-07-31T14:15:00Z,-19.4,46,15.0
TRK-02,2026-07-31T14:30:00Z,5.1,47,15.0
TRK-08,2026-07-31T14:30:00Z,4.4,45,15.0
TRK-11,2026-07-31T14:30:00Z,-19.4,46,15.0
TRK-02,2026-07-31T14:45:00Z,5.1,47,15.0
TRK-08,2026-07-31T14:45:00Z,4.5,43,15.0
TRK-11,2026-07-31T14:45:00Z,-19.2,47,15.0
TRK-02,2026-07-31T15:00:00Z,5.0,45,15.0
TRK-08,2026-07-31T15:00:00Z,4.3,45,15.0
TRK-11,2026-07-31T15:00:00Z,-19.2,48,15.0
TRK-02,2026-07-31T15:15:00Z,4.9,43,15.0
TRK-08,2026-07-31T15:15:00Z,4.3,45,15.0
TRK-11,2026-07-31T15:15:00Z,-19.3,45,15.0
TRK-02,2026-07-31T15:30:00Z,5.0,43,15.0
TRK-08,2026-07-31T15:30:00Z,4.3,47,15.0
TRK-11,2026-07-31T15:30:00Z,-19.2,41,15.0
TRK-02,2026-07-31T15:45:00Z,4.9,42,15.0
TRK-08,2026-07-31T15:45:00Z,4.5,45,15.0
TRK-11,2026-07-31T15:45:00Z,-19.3,43,15.0
TRK-02,2026-07-31T16:00:00Z,5.2,45,15.0
TRK-08,2026-07-31T16:00:00Z,4.5,48,15.0
TRK-11,2026-07-31T16:00:00Z,-19.3,45,15.0
TRK-02,2026-07-31T16:15:00Z,5.1,44,15.0
TRK-08,2026-07-31T16:15:00Z,4.5,44,15.0
TRK-11,2026-07-31T16:15:00Z,-19.4,44,15.0
TRK-02,2026-07-31T16:30:00Z,5.3,45,15.0
TRK-08,2026-07-31T16:30:00Z,4.7,41,15.0
TRK-11,2026-07-31T16:30:00Z,-19.5,43,15.0
TRK-02,2026-07-31T16:45:00Z,5.0,46,15.0
TRK-11,2026-07-31T16:45:00Z,-19.3,41,15.0
TRK-02,2026-07-31T17:00:00Z,5.0,48,15.0
TRK-11,2026-07-31T17:00:00Z,-19.3,42,15.0
TRK-02,2026-07-31T17:15:00Z,5.1,47,15.0
TRK-11,2026-07-31T17:15:00Z,-19.3,42,15.0
TRK-02,2026-07-31T17:30:00Z,5.0,45,15.0
TRK-11,2026-07-31T17:30:00Z,-19.4,43,15.0
TRK-02,2026-07-31T17:45:00Z,4.9,42,15.0
TRK-11,2026-07-31T17:45:00Z,-19.4,46,15.0
TRK-02,2026-07-31T18:00:00Z,5.0,40,15.0
TRK-11,2026-07-31T18:00:00Z,-19.4,43,15.0
TRK-02,2026-07-31T18:15:00Z,5.2,42,15.0
TRK-11,2026-07-31T18:15:00Z,-19.3,43,15.0
TRK-02,2026-07-31T18:30:00Z,5.3,41,15.0
TRK-02,2026-07-31T18:45:00Z,5.2,41,15.0
TRK-02,2026-07-31T19:00:00Z,5.2,43,15.0
TRK-02,2026-07-31T19:15:00Z,5.1,41,15.0
TRK-02,2026-07-31T19:30:00Z,5.2,44,15.0
TRK-02,2026-07-31T19:45:00Z,5.2,46,15.0
TRK-02,2026-07-31T20:00:00Z,5.1,46,15.0
TRK-02,2026-07-31T20:15:00Z,5.3,44,15.0
TRK-02,2026-07-31T20:30:00Z,5.1,45,15.0
TRK-09,2026-07-31T20:30:00Z,4.5,45,15.0
TRK-02,2026-07-31T20:45:00Z,5.1,45,15.0
TRK-09,2026-07-31T20:45:00Z,4.5,43,15.0
TRK-02,2026-07-31T21:00:00Z,5.2,47,15.0
TRK-09,2026-07-31T21:00:00Z,4.5,47,15.0
TRK-02,2026-07-31T21:15:00Z,5.3,46,15.0
TRK-09,2026-07-31T21:15:00Z,4.3,47,15.0
TRK-11,2026-07-31T21:15:00Z,-22.0,39,15.0
TRK-02,2026-07-31T21:30:00Z,5.3,46,15.0
TRK-09,2026-07-31T21:30:00Z,4.3,47,15.0
TRK-11,2026-07-31T21:30:00Z,-21.8,42,15.0
TRK-02,2026-07-31T21:45:00Z,5.2,44,15.0
TRK-09,2026-07-31T21:45:00Z,4.5,46,15.0
TRK-11,2026-07-31T21:45:00Z,-21.9,42,15.0
TRK-02,2026-07-31T22:00:00Z,5.1,43,15.0
TRK-09,2026-07-31T22:00:00Z,4.3,46,15.0
TRK-11,2026-07-31T22:00:00Z,-22.0,42,15.0
TRK-02,2026-07-31T22:15:00Z,5.2,44,15.0
TRK-09,2026-07-31T22:15:00Z,11.2,57,15.0
TRK-11,2026-07-31T22:15:00Z,-22.0,43,15.0
TRK-02,2026-07-31T22:30:00Z,5.1,43,15.0
TRK-09,2026-07-31T22:30:00Z,4.5,53,15.0
TRK-11,2026-07-31T22:30:00Z,-21.8,45,15.0
TRK-02,2026-07-31T22:45:00Z,5.0,43,15.0
TRK-09,2026-07-31T22:45:00Z,4.6,49,15.0
TRK-11,2026-07-31T22:45:00Z,-21.9,48,15.0
TRK-02,2026-07-31T23:00:00Z,5.1,46,15.0
TRK-09,2026-07-31T23:00:00Z,4.5,49,15.0
TRK-11,2026-07-31T23:00:00Z,-21.8,50,15.0
TRK-02,2026-07-31T23:15:00Z,5.1,43,15.0
TRK-09,2026-07-31T23:15:00Z,4.6,49,15.0
TRK-11,2026-07-31T23:15:00Z,-21.8,47,15.0
TRK-02,2026-07-31T23:30:00Z,5.2,47,15.0
TRK-09,2026-07-31T23:30:00Z,4.4,47,15.0
TRK-11,2026-07-31T23:30:00Z,-13.3,56,15.0
TRK-02,2026-07-31T23:45:00Z,5.3,44,15.0
TRK-09,2026-07-31T23:45:00Z,4.4,46,15.0
TRK-11,2026-07-31T23:45:00Z,-21.8,48,15.0
TRK-02,2026-08-01T00:00:00Z,5.4,43,15.0
TRK-09,2026-08-01T00:00:00Z,4.6,43,15.0
TRK-11,2026-08-01T00:00:00Z,-22.0,46,15.0
TRK-02,2026-08-01T00:15:00Z,5.3,44,15.0
TRK-09,2026-08-01T00:15:00Z,4.7,45,15.0
TRK-11,2026-08-01T00:15:00Z,-21.9,46,15.0
TRK-02,2026-08-01T00:30:00Z,5.3,43,15.0
TRK-09,2026-08-01T00:30:00Z,4.7,44,15.0
TRK-11,2026-08-01T00:30:00Z,-22.0,44,15.0
TRK-02,2026-08-01T00:45:00Z,5.1,42,15.0
TRK-11,2026-08-01T00:45:00Z,-22.0,45,15.0
TRK-02,2026-08-01T01:00:00Z,5.2,43,15.0
TRK-11,2026-08-01T01:00:00Z,-22.1,46,15.0
TRK-02,2026-08-01T01:15:00Z,5.3,44,15.0
TRK-11,2026-08-01T01:15:00Z,-22.1,45,15.0
TRK-02,2026-08-01T01:30:00Z,5.2,44,15.0
TRK-11,2026-08-01T01:30:00Z,-22.1,47,15.0
TRK-02,2026-08-01T01:45:00Z,5.2,45,15.0
TRK-11,2026-08-01T01:45:00Z,-21.9,43,15.0
TRK-11,2026-08-01T02:00:00Z,-21.9,46,15.0
TRK-11,2026-08-01T02:15:00Z,-21.9,47,15.0
TRK-07,2026-08-01T04:00:00Z,4.8,43,15.0
TRK-07,2026-08-01T04:15:00Z,4.8,44,15.0
TRK-07,2026-08-01T04:30:00Z,4.8,45,15.0
TRK-07,2026-08-01T04:45:00Z,9.3,55,15.0
TRK-07,2026-08-01T05:00:00Z,5.0,51,15.0
TRK-07,2026-08-01T05:15:00Z,5.0,49,15.0
TRK-07,2026-08-01T05:30:00Z,4.8,49,15.0
TRK-06,2026-08-01T05:45:00Z,4.3,45,15.0
TRK-07,2026-08-01T05:45:00Z,4.8,47,15.0
TRK-06,2026-08-01T06:00:00Z,4.2,45,15.0
TRK-07,2026-08-01T06:00:00Z,4.7,49,15.0
TRK-05,2026-08-01T06:15:00Z,5.2,45,15.0
TRK-06,2026-08-01T06:15:00Z,4.1,47,15.0
TRK-05,2026-08-01T06:30:00Z,5.2,43,15.0
TRK-06,2026-08-01T06:30:00Z,4.1,45,15.0
TRK-05,2026-08-01T06:45:00Z,5.3,42,15.0
TRK-06,2026-08-01T06:45:00Z,4.0,47,15.0
TRK-05,2026-08-01T07:00:00Z,5.1,41,15.0
TRK-06,2026-08-01T07:00:00Z,4.3,44,15.0
TRK-05,2026-08-01T07:15:00Z,5.3,46,15.0
TRK-06,2026-08-01T07:15:00Z,4.3,42,15.0
TRK-09,2026-08-01T07:15:00Z,4.7,40,15.0
TRK-05,2026-08-01T07:30:00Z,10.5,53,15.0
TRK-06,2026-08-01T07:30:00Z,4.2,41,15.0
TRK-09,2026-08-01T07:30:00Z,4.6,44,15.0
TRK-05,2026-08-01T07:45:00Z,5.1,49,15.0
TRK-06,2026-08-01T07:45:00Z,4.4,43,15.0
TRK-09,2026-08-01T07:45:00Z,4.4,43,15.0
TRK-05,2026-08-01T08:00:00Z,5.0,48,15.0
TRK-06,2026-08-01T08:00:00Z,9.6,54,15.0
TRK-09,2026-08-01T08:00:00Z,4.3,45,15.0
TRK-10,2026-08-01T08:00:00Z,4.0,46,15.0
TRK-05,2026-08-01T08:15:00Z,5.1,46,15.0
TRK-06,2026-08-01T08:15:00Z,4.1,50,15.0
TRK-09,2026-08-01T08:15:00Z,4.3,47,15.0
TRK-10,2026-08-01T08:15:00Z,4.1,48,15.0
TRK-06,2026-08-01T08:30:00Z,4.1,50,15.0
TRK-09,2026-08-01T08:30:00Z,4.2,46,15.0
TRK-10,2026-08-01T08:30:00Z,4.2,46,15.0
TRK-06,2026-08-01T08:45:00Z,4.0,47,15.0
TRK-09,2026-08-01T08:45:00Z,4.5,46,15.0
TRK-10,2026-08-01T08:45:00Z,4.3,48,15.0
TRK-09,2026-08-01T09:00:00Z,4.7,44,15.0
TRK-10,2026-08-01T09:00:00Z,4.3,46,15.0
TRK-09,2026-08-01T09:15:00Z,4.4,47,15.0
TRK-10,2026-08-01T09:15:00Z,4.2,48,15.0
TRK-10,2026-08-01T09:30:00Z,4.1,45,15.0
TRK-10,2026-08-01T09:45:00Z,4.0,46,15.0
TRK-08,2026-08-01T10:00:00Z,4.4,47,15.0
TRK-10,2026-08-01T10:00:00Z,4.0,46,15.0
TRK-01,2026-08-01T10:15:00Z,5.0,45,15.0
TRK-08,2026-08-01T10:15:00Z,4.3,47,15.0
TRK-10,2026-08-01T10:15:00Z,4.0,45,15.0
TRK-01,2026-08-01T10:30:00Z,4.9,48,15.0
TRK-08,2026-08-01T10:30:00Z,4.5,43,15.0
TRK-10,2026-08-01T10:30:00Z,4.2,47,15.0
TRK-01,2026-08-01T10:45:00Z,5.1,46,15.0
TRK-08,2026-08-01T10:45:00Z,4.3,45,15.0
TRK-10,2026-08-01T10:45:00Z,4.2,47,15.0
TRK-01,2026-08-01T11:00:00Z,5.2,47,15.0
TRK-08,2026-08-01T11:00:00Z,4.4,46,15.0
TRK-10,2026-08-01T11:00:00Z,4.1,46,15.0
TRK-01,2026-08-01T11:15:00Z,5.0,45,15.0
TRK-08,2026-08-01T11:15:00Z,4.5,44,15.0
TRK-10,2026-08-01T11:15:00Z,4.2,44,15.0
TRK-01,2026-08-01T11:30:00Z,4.9,48,15.0
TRK-08,2026-08-01T11:30:00Z,11.2,54,15.0
TRK-10,2026-08-01T11:30:00Z,4.3,45,15.0
TRK-01,2026-08-01T11:45:00Z,4.8,47,15.0
TRK-08,2026-08-01T11:45:00Z,4.4,50,15.0
TRK-10,2026-08-01T11:45:00Z,4.3,47,15.0
TRK-01,2026-08-01T12:00:00Z,4.8,45,15.0
TRK-08,2026-08-01T12:00:00Z,4.5,50,15.0
TRK-10,2026-08-01T12:00:00Z,4.2,46,15.0
TRK-01,2026-08-01T12:15:00Z,4.9,47,15.0
TRK-08,2026-08-01T12:15:00Z,4.4,51,15.0
TRK-09,2026-08-01T12:15:00Z,4.6,44,15.0
TRK-10,2026-08-01T12:15:00Z,4.0,45,15.0
TRK-01,2026-08-01T12:30:00Z,5.0,47,15.0
TRK-08,2026-08-01T12:30:00Z,4.5,51,15.0
TRK-09,2026-08-01T12:30:00Z,4.6,46,15.0
TRK-10,2026-08-01T12:30:00Z,4.0,46,15.0
TRK-01,2026-08-01T12:45:00Z,5.0,49,15.0
TRK-08,2026-08-01T12:45:00Z,4.5,53,15.0
TRK-09,2026-08-01T12:45:00Z,4.7,47,15.0
TRK-10,2026-08-01T12:45:00Z,4.1,49,15.0
TRK-01,2026-08-01T13:00:00Z,5.1,46,15.0
TRK-08,2026-08-01T13:00:00Z,4.6,50,15.0
TRK-09,2026-08-01T13:00:00Z,4.5,49,15.0
TRK-10,2026-08-01T13:00:00Z,4.3,46,15.0
TRK-01,2026-08-01T13:15:00Z,5.2,45,15.0
TRK-08,2026-08-01T13:15:00Z,4.6,49,15.0
TRK-09,2026-08-01T13:15:00Z,4.5,49,15.0
TRK-10,2026-08-01T13:15:00Z,4.1,43,15.0
TRK-01,2026-08-01T13:30:00Z,5.0,44,15.0
TRK-08,2026-08-01T13:30:00Z,4.5,47,15.0
TRK-09,2026-08-01T13:30:00Z,4.6,50,15.0
TRK-10,2026-08-01T13:30:00Z,4.3,42,15.0
TRK-01,2026-08-01T13:45:00Z,5.1,47,15.0
TRK-08,2026-08-01T13:45:00Z,4.6,46,15.0
TRK-09,2026-08-01T13:45:00Z,4.4,45,15.0
TRK-10,2026-08-01T13:45:00Z,4.4,44,15.0
TRK-01,2026-08-01T14:00:00Z,5.0,49,15.0
TRK-08,2026-08-01T14:00:00Z,4.5,44,15.0
TRK-09,2026-08-01T14:00:00Z,4.4,44,15.0
TRK-10,2026-08-01T14:00:00Z,4.5,45,15.0
TRK-01,2026-08-01T14:15:00Z,5.2,49,15.0
TRK-08,2026-08-01T14:15:00Z,4.4,42,15.0
TRK-09,2026-08-01T14:15:00Z,4.5,46,15.0
TRK-10,2026-08-01T14:15:00Z,4.4,45,15.0
TRK-01,2026-08-01T14:30:00Z,5.1,47,15.0
TRK-08,2026-08-01T14:30:00Z,4.4,43,15.0
TRK-09,2026-08-01T14:30:00Z,4.5,45,15.0
TRK-10,2026-08-01T14:30:00Z,4.4,43,15.0
TRK-01,2026-08-01T14:45:00Z,5.2,48,15.0
TRK-08,2026-08-01T14:45:00Z,4.5,44,15.0
TRK-09,2026-08-01T14:45:00Z,4.6,46,15.0
TRK-10,2026-08-01T14:45:00Z,4.3,43,15.0
TRK-01,2026-08-01T15:00:00Z,5.1,50,15.0
TRK-08,2026-08-01T15:00:00Z,4.3,43,15.0
TRK-09,2026-08-01T15:00:00Z,4.5,45,15.0
TRK-10,2026-08-01T15:00:00Z,4.3,44,15.0
TRK-01,2026-08-01T15:15:00Z,5.3,48,15.0
TRK-08,2026-08-01T15:15:00Z,4.5,42,15.0
TRK-09,2026-08-01T15:15:00Z,4.5,46,15.0
TRK-10,2026-08-01T15:15:00Z,4.3,43,15.0
TRK-01,2026-08-01T15:30:00Z,5.2,46,15.0
TRK-08,2026-08-01T15:30:00Z,4.3,45,15.0
TRK-09,2026-08-01T15:30:00Z,4.4,48,15.0
TRK-10,2026-08-01T15:30:00Z,4.4,44,15.0
TRK-01,2026-08-01T15:45:00Z,5.0,44,15.0
TRK-08,2026-08-01T15:45:00Z,4.3,47,15.0
TRK-09,2026-08-01T15:45:00Z,4.4,49,15.0
TRK-10,2026-08-01T15:45:00Z,4.4,46,15.0
TRK-01,2026-08-01T16:00:00Z,4.9,44,15.0
TRK-08,2026-08-01T16:00:00Z,4.4,46,15.0
TRK-09,2026-08-01T16:00:00Z,4.4,44,15.0
TRK-10,2026-08-01T16:00:00Z,4.5,44,15.0
TRK-01,2026-08-01T16:15:00Z,5.0,45,15.0
TRK-08,2026-08-01T16:15:00Z,4.4,45,15.0
TRK-09,2026-08-01T16:15:00Z,4.6,44,15.0
TRK-10,2026-08-01T16:15:00Z,4.5,45,15.0
TRK-01,2026-08-01T16:30:00Z,5.1,45,15.0
TRK-08,2026-08-01T16:30:00Z,4.6,44,15.0
TRK-09,2026-08-01T16:30:00Z,4.7,43,15.0
TRK-10,2026-08-01T16:30:00Z,4.3,47,15.0
TRK-01,2026-08-01T16:45:00Z,5.2,46,15.0
TRK-08,2026-08-01T16:45:00Z,4.4,42,15.0
TRK-09,2026-08-01T16:45:00Z,4.5,42,15.0
TRK-10,2026-08-01T16:45:00Z,4.3,50,15.0
TRK-01,2026-08-01T17:00:00Z,5.1,45,15.0
TRK-08,2026-08-01T17:00:00Z,4.5,40,15.0
TRK-09,2026-08-01T17:00:00Z,4.5,44,15.0
TRK-10,2026-08-01T17:00:00Z,4.3,46,15.0
TRK-01,2026-08-01T17:15:00Z,5.2,43,15.0
TRK-08,2026-08-01T17:15:00Z,4.5,43,15.0
TRK-09,2026-08-01T17:15:00Z,4.6,44,15.0
TRK-10,2026-08-01T17:15:00Z,4.2,43,15.0
TRK-01,2026-08-01T17:30:00Z,5.1,46,15.0
TRK-08,2026-08-01T17:30:00Z,4.3,41,15.0
TRK-09,2026-08-01T17:30:00Z,4.7,47,15.0
TRK-10,2026-08-01T17:30:00Z,4.1,44,15.0
TRK-01,2026-08-01T17:45:00Z,5.2,44,15.0
TRK-08,2026-08-01T17:45:00Z,4.2,41,15.0
TRK-09,2026-08-01T17:45:00Z,4.6,47,15.0
TRK-10,2026-08-01T17:45:00Z,4.2,44,15.0
TRK-01,2026-08-01T18:00:00Z,5.2,45,15.0
TRK-08,2026-08-01T18:00:00Z,4.4,39,15.0
TRK-09,2026-08-01T18:00:00Z,4.7,47,15.0
TRK-10,2026-08-01T18:00:00Z,4.4,46,15.0
TRK-01,2026-08-01T18:15:00Z,5.2,47,15.0
TRK-08,2026-08-01T18:15:00Z,4.3,42,15.0
TRK-09,2026-08-01T18:15:00Z,4.5,50,15.0
TRK-10,2026-08-01T18:15:00Z,10.9,57,15.0
TRK-01,2026-08-01T18:30:00Z,5.0,47,15.0
TRK-08,2026-08-01T18:30:00Z,4.2,45,15.0
TRK-09,2026-08-01T18:30:00Z,4.5,51,15.0
TRK-10,2026-08-01T18:30:00Z,4.3,53,15.0
TRK-01,2026-08-01T18:45:00Z,4.9,46,15.0
TRK-08,2026-08-01T18:45:00Z,4.3,46,15.0
TRK-09,2026-08-01T18:45:00Z,10.9,62,15.0
TRK-10,2026-08-01T18:45:00Z,4.2,51,15.0
TRK-01,2026-08-01T19:00:00Z,5.0,47,15.0
TRK-08,2026-08-01T19:00:00Z,4.4,45,15.0
TRK-09,2026-08-01T19:00:00Z,4.5,57,15.0
TRK-10,2026-08-01T19:00:00Z,4.1,46,15.0
TRK-01,2026-08-01T19:15:00Z,4.8,43,15.0
TRK-09,2026-08-01T19:15:00Z,4.7,54,15.0
TRK-09,2026-08-01T19:30:00Z,4.6,54,15.0
TRK-09,2026-08-01T19:45:00Z,4.7,53,15.0
TRK-09,2026-08-01T20:00:00Z,4.8,51,15.0
TRK-09,2026-08-01T20:15:00Z,4.5,48,15.0
TRK-09,2026-08-01T20:30:00Z,4.6,45,15.0
TRK-09,2026-08-01T20:45:00Z,4.6,43,15.0
TRK-09,2026-08-01T21:00:00Z,4.4,42,15.0
TRK-06,2026-08-01T21:15:00Z,5.2,43,15.0
TRK-09,2026-08-01T21:15:00Z,4.5,43,15.0
TRK-06,2026-08-01T21:30:00Z,5.1,41,15.0
TRK-09,2026-08-01T21:30:00Z,4.5,46,15.0
TRK-06,2026-08-01T21:45:00Z,5.1,41,15.0
TRK-09,2026-08-01T21:45:00Z,4.4,47,15.0
TRK-06,2026-08-01T22:00:00Z,9.8,47,15.0
TRK-09,2026-08-01T22:00:00Z,4.6,46,15.0
TRK-06,2026-08-01T22:15:00Z,5.5,40,15.0
TRK-09,2026-08-01T22:15:00Z,4.7,45,15.0
TRK-06,2026-08-01T22:30:00Z,5.5,43,15.0
TRK-09,2026-08-01T22:30:00Z,4.6,43,15.0
TRK-06,2026-08-01T22:45:00Z,5.5,44,15.0
TRK-09,2026-08-01T22:45:00Z,4.6,41,15.0
TRK-01,2026-08-01T23:00:00Z,4.5,49,15.0
TRK-02,2026-08-01T23:00:00Z,4.7,40,15.0
TRK-06,2026-08-01T23:00:00Z,5.5,45,15.0
TRK-09,2026-08-01T23:00:00Z,4.6,42,15.0
TRK-01,2026-08-01T23:15:00Z,4.5,48,15.0
TRK-02,2026-08-01T23:15:00Z,4.6,41,15.0
TRK-06,2026-08-01T23:15:00Z,5.5,44,15.0
TRK-09,2026-08-01T23:15:00Z,4.6,41,15.0
TRK-01,2026-08-01T23:30:00Z,4.5,45,15.0
TRK-02,2026-08-01T23:30:00Z,4.7,44,15.0
TRK-06,2026-08-01T23:30:00Z,5.3,48,15.0
TRK-01,2026-08-01T23:45:00Z,9.8,56,15.0
TRK-02,2026-08-01T23:45:00Z,4.8,44,15.0
TRK-06,2026-08-01T23:45:00Z,5.3,46,15.0
TRK-01,2026-08-02T00:00:00Z,4.4,50,15.0
TRK-02,2026-08-02T00:00:00Z,4.9,42,15.0
TRK-06,2026-08-02T00:00:00Z,5.2,44,15.0
TRK-01,2026-08-02T00:15:00Z,4.3,48,15.0
TRK-02,2026-08-02T00:15:00Z,4.9,41,15.0
TRK-06,2026-08-02T00:15:00Z,5.4,46,15.0
TRK-01,2026-08-02T00:30:00Z,4.3,47,15.0
TRK-02,2026-08-02T00:30:00Z,4.8,44,15.0
TRK-01,2026-08-02T00:45:00Z,4.4,44,15.0
TRK-02,2026-08-02T00:45:00Z,4.7,44,15.0
TRK-01,2026-08-02T01:00:00Z,4.6,42,15.0
TRK-02,2026-08-02T01:00:00Z,4.5,45,15.0
TRK-01,2026-08-02T01:15:00Z,4.5,40,15.0
TRK-02,2026-08-02T01:15:00Z,4.5,46,15.0
TRK-01,2026-08-02T01:30:00Z,4.7,39,15.0
TRK-02,2026-08-02T01:30:00Z,10.2,54,15.0
TRK-01,2026-08-02T01:45:00Z,4.4,43,15.0
TRK-02,2026-08-02T01:45:00Z,4.6,47,15.0
TRK-01,2026-08-02T02:00:00Z,4.3,43,15.0
TRK-02,2026-08-02T02:00:00Z,4.5,46,15.0
TRK-02,2026-08-02T02:15:00Z,4.6,48,15.0
TRK-02,2026-08-02T02:30:00Z,4.6,47,15.0
TRK-02,2026-08-02T02:45:00Z,4.6,45,15.0
TRK-02,2026-08-02T03:00:00Z,4.8,46,15.0
TRK-10,2026-08-02T03:15:00Z,5.3,41,15.0
TRK-10,2026-08-02T03:30:00Z,5.5,41,15.0
TRK-10,2026-08-02T03:45:00Z,5.6,44,15.0
TRK-10,2026-08-02T04:00:00Z,5.4,44,15.0
TRK-10,2026-08-02T04:15:00Z,5.3,47,15.0
TRK-10,2026-08-02T04:30:00Z,5.5,47,15.0
TRK-10,2026-08-02T04:45:00Z,5.5,46,15.0
TRK-05,2026-08-02T05:00:00Z,4.7,45,15.0
TRK-10,2026-08-02T05:00:00Z,5.3,43,15.0
TRK-12,2026-08-02T05:00:00Z,-20.8,46,15.0
TRK-05,2026-08-02T05:15:00Z,4.8,46,15.0
TRK-10,2026-08-02T05:15:00Z,5.2,43,15.0
TRK-12,2026-08-02T05:15:00Z,-20.7,47,15.0
TRK-05,2026-08-02T05:30:00Z,4.7,43,15.0
TRK-10,2026-08-02T05:30:00Z,5.4,42,15.0
TRK-12,2026-08-02T05:30:00Z,-20.9,47,15.0
TRK-05,2026-08-02T05:45:00Z,4.7,44,15.0
TRK-10,2026-08-02T05:45:00Z,5.3,42,15.0
TRK-12,2026-08-02T05:45:00Z,-21.0,45,15.0
TRK-05,2026-08-02T06:00:00Z,4.5,47,15.0
TRK-10,2026-08-02T06:00:00Z,5.2,42,15.0
TRK-12,2026-08-02T06:00:00Z,-20.9,46,15.0
TRK-05,2026-08-02T06:15:00Z,10.8,55,15.0
TRK-10,2026-08-02T06:15:00Z,5.1,40,15.0
TRK-12,2026-08-02T06:15:00Z,-20.8,44,15.0
TRK-05,2026-08-02T06:30:00Z,4.6,49,15.0
TRK-10,2026-08-02T06:30:00Z,5.3,43,15.0
TRK-12,2026-08-02T06:30:00Z,-20.7,47,15.0
TRK-05,2026-08-02T06:45:00Z,4.4,49,15.0
TRK-10,2026-08-02T06:45:00Z,5.4,44,15.0
TRK-12,2026-08-02T06:45:00Z,-20.9,49,15.0
TRK-05,2026-08-02T07:00:00Z,4.5,50,15.0
TRK-10,2026-08-02T07:00:00Z,5.3,46,15.0
TRK-12,2026-08-02T07:00:00Z,-21.1,49,15.0
TRK-10,2026-08-02T07:15:00Z,5.2,47,15.0
TRK-06,2026-08-02T07:30:00Z,4.3,45,15.0
TRK-06,2026-08-02T07:45:00Z,4.5,47,15.0
TRK-06,2026-08-02T08:00:00Z,4.3,46,15.0
TRK-08,2026-08-02T08:00:00Z,5.0,46,15.0
TRK-06,2026-08-02T08:15:00Z,4.3,45,15.0
TRK-08,2026-08-02T08:15:00Z,5.2,44,15.0
TRK-06,2026-08-02T08:30:00Z,4.2,43,15.0
TRK-08,2026-08-02T08:30:00Z,5.3,43,15.0
TRK-06,2026-08-02T08:45:00Z,10.7,50,15.0
TRK-08,2026-08-02T08:45:00Z,5.3,46,15.0
TRK-06,2026-08-02T09:00:00Z,4.3,46,15.0
TRK-08,2026-08-02T09:00:00Z,5.1,43,15.0
TRK-06,2026-08-02T09:15:00Z,4.2,45,15.0
TRK-08,2026-08-02T09:15:00Z,5.3,42,15.0
TRK-06,2026-08-02T09:30:00Z,4.2,44,15.0
TRK-08,2026-08-02T09:30:00Z,5.1,44,15.0
TRK-06,2026-08-02T09:45:00Z,4.2,42,15.0
TRK-08,2026-08-02T09:45:00Z,5.2,45,15.0
TRK-06,2026-08-02T10:00:00Z,4.2,44,15.0
TRK-08,2026-08-02T10:00:00Z,5.3,49,15.0
TRK-06,2026-08-02T10:15:00Z,4.2,41,15.0
TRK-08,2026-08-02T10:15:00Z,5.0,48,15.0
TRK-06,2026-08-02T10:30:00Z,4.4,41,15.0
TRK-08,2026-08-02T10:30:00Z,5.3,45,15.0
TRK-06,2026-08-02T10:45:00Z,4.4,45,15.0
TRK-08,2026-08-02T10:45:00Z,5.2,43,15.0
TRK-06,2026-08-02T11:00:00Z,4.4,45,15.0
TRK-08,2026-08-02T11:00:00Z,5.0,42,15.0
TRK-12,2026-08-02T11:00:00Z,-19.7,52,15.0
TRK-06,2026-08-02T11:15:00Z,4.4,46,15.0
TRK-08,2026-08-02T11:15:00Z,5.0,45,15.0
TRK-12,2026-08-02T11:15:00Z,-19.9,51,15.0
TRK-06,2026-08-02T11:30:00Z,4.3,46,15.0
TRK-08,2026-08-02T11:30:00Z,4.9,44,15.0
TRK-12,2026-08-02T11:30:00Z,-20.0,46,15.0
TRK-06,2026-08-02T11:45:00Z,4.2,45,15.0
TRK-08,2026-08-02T11:45:00Z,4.9,45,15.0
TRK-12,2026-08-02T11:45:00Z,-20.0,48,15.0
TRK-06,2026-08-02T12:00:00Z,4.2,42,15.0
TRK-08,2026-08-02T12:00:00Z,5.1,43,15.0
TRK-12,2026-08-02T12:00:00Z,-19.8,44,15.0
TRK-06,2026-08-02T12:15:00Z,4.3,42,15.0
TRK-08,2026-08-02T12:15:00Z,5.2,45,15.0
TRK-12,2026-08-02T12:15:00Z,-19.8,44,15.0
TRK-06,2026-08-02T12:30:00Z,4.3,42,15.0
TRK-08,2026-08-02T12:30:00Z,5.3,44,15.0
TRK-12,2026-08-02T12:30:00Z,-19.8,43,15.0
TRK-06,2026-08-02T12:45:00Z,4.3,45,15.0
TRK-08,2026-08-02T12:45:00Z,5.2,46,15.0
TRK-12,2026-08-02T12:45:00Z,-19.7,44,15.0
TRK-06,2026-08-02T13:00:00Z,4.3,44,15.0
TRK-08,2026-08-02T13:00:00Z,5.1,48,15.0
TRK-12,2026-08-02T13:00:00Z,-19.7,46,15.0
TRK-06,2026-08-02T13:15:00Z,4.4,42,15.0
TRK-08,2026-08-02T13:15:00Z,10.5,57,15.0
TRK-12,2026-08-02T13:15:00Z,-19.9,47,15.0
TRK-06,2026-08-02T13:30:00Z,4.5,43,15.0
TRK-08,2026-08-02T13:30:00Z,5.3,51,15.0
TRK-12,2026-08-02T13:30:00Z,-20.1,49,15.0
TRK-08,2026-08-02T13:45:00Z,5.1,50,15.0
TRK-12,2026-08-02T13:45:00Z,-20.2,48,15.0
TRK-08,2026-08-02T14:00:00Z,5.2,49,15.0
TRK-12,2026-08-02T14:00:00Z,-20.1,47,15.0
TRK-08,2026-08-02T14:15:00Z,5.1,47,15.0
TRK-12,2026-08-02T14:15:00Z,-19.9,46,15.0
TRK-08,2026-08-02T14:30:00Z,5.0,46,15.0
TRK-12,2026-08-02T14:30:00Z,-19.9,48,15.0
TRK-08,2026-08-02T14:45:00Z,5.0,46,15.0
TRK-12,2026-08-02T14:45:00Z,-20.0,45,15.0
TRK-08,2026-08-02T15:00:00Z,5.0,44,15.0
TRK-12,2026-08-02T15:00:00Z,-20.1,43,15.0
TRK-08,2026-08-02T15:15:00Z,5.1,44,15.0
TRK-12,2026-08-02T15:15:00Z,-20.2,44,15.0
TRK-08,2026-08-02T15:30:00Z,5.1,44,15.0
TRK-12,2026-08-02T15:30:00Z,-20.1,46,15.0
TRK-08,2026-08-02T15:45:00Z,5.2,46,15.0
TRK-12,2026-08-02T15:45:00Z,-20.2,46,15.0
TRK-08,2026-08-02T16:00:00Z,5.2,47,15.0
TRK-12,2026-08-02T16:00:00Z,-19.9,45,15.0
TRK-08,2026-08-02T16:15:00Z,5.2,45,15.0
TRK-12,2026-08-02T16:15:00Z,-19.7,47,15.0
TRK-08,2026-08-02T16:30:00Z,5.3,42,15.0
TRK-09,2026-08-02T16:30:00Z,4.8,44,15.0
TRK-12,2026-08-02T16:30:00Z,-19.9,48,15.0
TRK-08,2026-08-02T16:45:00Z,5.3,45,15.0
TRK-09,2026-08-02T16:45:00Z,4.8,43,15.0
TRK-12,2026-08-02T16:45:00Z,-20.1,49,15.0
TRK-08,2026-08-02T17:00:00Z,5.2,44,15.0
TRK-09,2026-08-02T17:00:00Z,4.8,41,15.0
TRK-12,2026-08-02T17:00:00Z,-19.9,47,15.0
TRK-08,2026-08-02T17:15:00Z,5.3,46,15.0
TRK-09,2026-08-02T17:15:00Z,10.1,49,15.0
TRK-12,2026-08-02T17:15:00Z,-20.0,49,15.0
TRK-08,2026-08-02T17:30:00Z,5.3,43,15.0
TRK-09,2026-08-02T17:30:00Z,4.6,41,15.0
TRK-12,2026-08-02T17:30:00Z,-20.0,45,15.0
TRK-08,2026-08-02T17:45:00Z,5.1,44,15.0
TRK-09,2026-08-02T17:45:00Z,4.7,39,15.0
TRK-12,2026-08-02T17:45:00Z,-20.1,42,15.0
TRK-08,2026-08-02T18:00:00Z,5.0,45,15.0
TRK-09,2026-08-02T18:00:00Z,4.6,41,15.0
TRK-12,2026-08-02T18:00:00Z,-20.2,43,15.0
TRK-08,2026-08-02T18:15:00Z,4.9,45,15.0
TRK-09,2026-08-02T18:15:00Z,4.7,43,15.0
TRK-12,2026-08-02T18:15:00Z,-20.0,45,15.0
TRK-08,2026-08-02T18:30:00Z,5.1,47,15.0
TRK-09,2026-08-02T18:30:00Z,4.7,44,15.0
TRK-12,2026-08-02T18:30:00Z,-19.8,45,15.0
TRK-08,2026-08-02T18:45:00Z,5.1,48,15.0
TRK-12,2026-08-02T18:45:00Z,-20.0,46,15.0
TRK-08,2026-08-02T19:00:00Z,5.3,47,15.0
TRK-12,2026-08-02T19:00:00Z,-20.1,43,15.0
TRK-08,2026-08-02T19:15:00Z,5.1,48,15.0
TRK-12,2026-08-02T19:15:00Z,-20.0,43,15.0
TRK-08,2026-08-02T19:30:00Z,5.0,48,15.0
TRK-12,2026-08-02T19:30:00Z,-19.9,45,15.0
TRK-08,2026-08-02T19:45:00Z,5.1,47,15.0
TRK-12,2026-08-02T19:45:00Z,-20.0,44,15.0
TRK-08,2026-08-02T20:00:00Z,5.2,43,15.0
TRK-12,2026-08-02T20:00:00Z,-20.1,42,15.0
TRK-12,2026-08-02T20:15:00Z,-20.0,41,15.0
TRK-12,2026-08-02T20:30:00Z,-20.0,41,15.0
TRK-12,2026-08-02T20:45:00Z,-20.1,43,15.0
TRK-02,2026-08-02T21:00:00Z,5.3,51,15.0
TRK-12,2026-08-02T21:00:00Z,-20.0,46,15.0
TRK-02,2026-08-02T21:15:00Z,10.1,59,15.0
TRK-12,2026-08-02T21:15:00Z,-20.0,48,15.0
TRK-02,2026-08-02T21:30:00Z,5.3,53,15.0
TRK-12,2026-08-02T21:30:00Z,-19.8,47,15.0
TRK-02,2026-08-02T21:45:00Z,5.1,50,15.0
TRK-12,2026-08-02T21:45:00Z,-19.9,45,15.0
TRK-02,2026-08-02T22:00:00Z,5.3,48,15.0
TRK-12,2026-08-02T22:00:00Z,-20.0,48,15.0
TRK-02,2026-08-02T22:15:00Z,5.4,46,15.0
TRK-12,2026-08-02T22:15:00Z,-20.0,47,15.0
TRK-02,2026-08-02T22:30:00Z,5.2,45,15.0
TRK-12,2026-08-02T22:30:00Z,-19.8,45,15.0
TRK-02,2026-08-02T22:45:00Z,5.1,43,15.0
TRK-12,2026-08-02T22:45:00Z,-20.0,48,15.0
TRK-02,2026-08-02T23:00:00Z,5.3,46,15.0
TRK-12,2026-08-02T23:00:00Z,-19.8,45,15.0
TRK-02,2026-08-02T23:15:00Z,5.1,42,15.0
TRK-02,2026-08-02T23:30:00Z,5.1,42,15.0
TRK-02,2026-08-02T23:45:00Z,5.2,45,15.0
TRK-02,2026-08-03T00:00:00Z,5.3,43,15.0
TRK-11,2026-08-03T00:00:00Z,-21.5,40,15.0
TRK-11,2026-08-03T00:15:00Z,-21.5,41,15.0
TRK-11,2026-08-03T00:30:00Z,-21.3,39,15.0
TRK-11,2026-08-03T00:45:00Z,-21.4,42,15.0
TRK-11,2026-08-03T01:00:00Z,-21.5,40,15.0
TRK-11,2026-08-03T01:15:00Z,-21.3,40,15.0
TRK-11,2026-08-03T01:30:00Z,-13.4,47,15.0
TRK-11,2026-08-03T01:45:00Z,-21.6,40,15.0
TRK-11,2026-08-03T02:00:00Z,-21.4,42,15.0
TRK-11,2026-08-03T02:15:00Z,-21.6,41,15.0
TRK-11,2026-08-03T02:30:00Z,-21.4,42,15.0
TRK-11,2026-08-03T02:45:00Z,-21.6,42,15.0
TRK-11,2026-08-03T03:00:00Z,-21.5,43,15.0
TRK-01,2026-08-03T05:00:00Z,4.5,44,15.0
TRK-01,2026-08-03T05:15:00Z,4.6,45,15.0
TRK-01,2026-08-03T05:30:00Z,4.5,44,15.0
TRK-03,2026-08-03T05:30:00Z,5.2,53,15.0
TRK-01,2026-08-03T05:45:00Z,4.5,45,15.0
TRK-02,2026-08-03T05:45:00Z,4.3,46,15.0
TRK-03,2026-08-03T05:45:00Z,5.0,41,15.0
TRK-01,2026-08-03T06:00:00Z,4.4,42,15.0
TRK-02,2026-08-03T06:00:00Z,4.2,44,15.0
TRK-03,2026-08-03T06:00:00Z,8.8,45,15.0
TRK-01,2026-08-03T06:15:00Z,4.7,43,15.0
TRK-02,2026-08-03T06:15:00Z,4.1,43,15.0
TRK-03,2026-08-03T06:15:00Z,8.7,53,15.0
TRK-01,2026-08-03T06:30:00Z,4.7,46,15.0
TRK-02,2026-08-03T06:30:00Z,4.3,42,15.0
TRK-03,2026-08-03T06:30:00Z,8.9,53,15.0
TRK-01,2026-08-03T06:45:00Z,4.8,49,15.0
TRK-02,2026-08-03T06:45:00Z,4.5,42,15.0
TRK-03,2026-08-03T06:45:00Z,10.2,43,15.0
TRK-01,2026-08-03T07:00:00Z,4.5,48,15.0
TRK-02,2026-08-03T07:00:00Z,4.3,41,15.0
TRK-03,2026-08-03T07:00:00Z,5.2,50,15.0
TRK-01,2026-08-03T07:15:00Z,4.4,46,15.0
TRK-02,2026-08-03T07:15:00Z,4.1,42,15.0
TRK-03,2026-08-03T07:15:00Z,4.7,51,15.0
TRK-01,2026-08-03T07:30:00Z,4.4,45,15.0
TRK-02,2026-08-03T07:30:00Z,4.0,44,15.0
TRK-03,2026-08-03T07:30:00Z,4.7,44,15.0
TRK-01,2026-08-03T07:45:00Z,4.5,47,15.0
TRK-02,2026-08-03T07:45:00Z,4.1,46,15.0
TRK-01,2026-08-03T08:00:00Z,4.4,48,15.0
TRK-02,2026-08-03T08:00:00Z,4.1,47,15.0
TRK-01,2026-08-03T08:15:00Z,4.4,50,15.0
TRK-02,2026-08-03T08:15:00Z,4.1,47,15.0
TRK-01,2026-08-03T08:30:00Z,4.4,49,15.0
TRK-02,2026-08-03T08:30:00Z,4.0,47,15.0
TRK-05,2026-08-03T08:30:00Z,4.4,47,15.0
TRK-01,2026-08-03T08:45:00Z,4.4,47,15.0
TRK-02,2026-08-03T08:45:00Z,4.0,48,15.0
TRK-05,2026-08-03T08:45:00Z,4.2,49,15.0
TRK-01,2026-08-03T09:00:00Z,4.3,48,15.0
TRK-02,2026-08-03T09:00:00Z,4.0,47,15.0
TRK-05,2026-08-03T09:00:00Z,4.2,45,15.0
TRK-01,2026-08-03T09:15:00Z,4.4,45,15.0
TRK-02,2026-08-03T09:15:00Z,4.1,44,15.0
TRK-05,2026-08-03T09:15:00Z,8.9,56,15.0
TRK-01,2026-08-03T09:30:00Z,9.6,52,15.0
TRK-02,2026-08-03T09:30:00Z,4.3,47,15.0
TRK-05,2026-08-03T09:30:00Z,4.2,50,15.0
TRK-01,2026-08-03T09:45:00Z,4.6,46,15.0
TRK-02,2026-08-03T09:45:00Z,4.3,46,15.0
TRK-05,2026-08-03T09:45:00Z,4.3,47,15.0
TRK-01,2026-08-03T10:00:00Z,4.7,46,15.0
TRK-02,2026-08-03T10:00:00Z,4.4,48,15.0
TRK-05,2026-08-03T10:00:00Z,4.2,43,15.0
TRK-01,2026-08-03T10:15:00Z,4.5,45,15.0
TRK-02,2026-08-03T10:15:00Z,4.4,50,15.0
TRK-05,2026-08-03T10:15:00Z,4.1,43,15.0
TRK-01,2026-08-03T10:30:00Z,4.4,44,15.0
TRK-02,2026-08-03T10:30:00Z,4.4,51,15.0
TRK-05,2026-08-03T10:30:00Z,4.1,43,15.0
TRK-01,2026-08-03T10:45:00Z,4.7,43,15.0
TRK-02,2026-08-03T10:45:00Z,4.3,50,15.0
TRK-01,2026-08-03T11:00:00Z,4.8,42,15.0
TRK-02,2026-08-03T11:00:00Z,4.3,49,15.0
TRK-01,2026-08-03T11:15:00Z,4.8,43,15.0
TRK-02,2026-08-03T11:15:00Z,4.2,47,15.0
TRK-01,2026-08-03T11:30:00Z,4.8,45,15.0
TRK-02,2026-08-03T11:30:00Z,4.2,47,15.0
TRK-07,2026-08-03T11:30:00Z,4.4,49,15.0
TRK-01,2026-08-03T11:45:00Z,4.9,47,15.0
TRK-02,2026-08-03T11:45:00Z,4.2,47,15.0
TRK-07,2026-08-03T11:45:00Z,4.3,49,15.0
TRK-01,2026-08-03T12:00:00Z,4.9,47,15.0
TRK-02,2026-08-03T12:00:00Z,4.2,47,15.0
TRK-07,2026-08-03T12:00:00Z,4.2,47,15.0
TRK-01,2026-08-03T12:15:00Z,4.7,46,15.0
TRK-02,2026-08-03T12:15:00Z,4.1,45,15.0
TRK-07,2026-08-03T12:15:00Z,4.3,45,15.0
TRK-01,2026-08-03T12:30:00Z,4.7,47,15.0
TRK-02,2026-08-03T12:30:00Z,4.1,45,15.0
TRK-07,2026-08-03T12:30:00Z,4.4,47,15.0
TRK-01,2026-08-03T12:45:00Z,4.5,44,15.0
TRK-02,2026-08-03T12:45:00Z,4.3,44,15.0
TRK-07,2026-08-03T12:45:00Z,4.5,44,15.0
TRK-01,2026-08-03T13:00:00Z,4.5,43,15.0
TRK-02,2026-08-03T13:00:00Z,4.3,44,15.0
TRK-07,2026-08-03T13:00:00Z,4.3,46,15.0
TRK-01,2026-08-03T13:15:00Z,4.6,47,15.0
TRK-02,2026-08-03T13:15:00Z,4.1,46,15.0
TRK-07,2026-08-03T13:15:00Z,4.3,43,15.0
TRK-01,2026-08-03T13:30:00Z,4.7,45,15.0
TRK-02,2026-08-03T13:30:00Z,4.3,45,15.0
TRK-07,2026-08-03T13:30:00Z,4.5,43,15.0
TRK-01,2026-08-03T13:45:00Z,4.5,44,15.0
TRK-02,2026-08-03T13:45:00Z,4.2,46,15.0
TRK-07,2026-08-03T13:45:00Z,4.4,47,15.0
TRK-01,2026-08-03T14:00:00Z,4.6,42,15.0
TRK-02,2026-08-03T14:00:00Z,4.2,43,15.0
TRK-07,2026-08-03T14:00:00Z,4.6,48,15.0
TRK-01,2026-08-03T14:15:00Z,4.6,44,15.0
TRK-02,2026-08-03T14:15:00Z,4.2,41,15.0
TRK-07,2026-08-03T14:15:00Z,4.7,45,15.0
TRK-01,2026-08-03T14:30:00Z,4.6,41,15.0
TRK-02,2026-08-03T14:30:00Z,4.2,44,15.0
TRK-07,2026-08-03T14:30:00Z,4.7,45,15.0
TRK-01,2026-08-03T14:45:00Z,4.6,40,15.0
TRK-02,2026-08-03T14:45:00Z,4.3,43,15.0
TRK-07,2026-08-03T14:45:00Z,4.7,44,15.0
TRK-01,2026-08-03T15:00:00Z,4.7,40,15.0
TRK-02,2026-08-03T15:00:00Z,4.3,45,15.0
TRK-07,2026-08-03T15:00:00Z,4.4,46,15.0
TRK-01,2026-08-03T15:15:00Z,4.7,41,15.0
TRK-02,2026-08-03T15:15:00Z,4.2,47,15.0
TRK-07,2026-08-03T15:15:00Z,4.4,45,15.0
TRK-01,2026-08-03T15:30:00Z,4.5,43,15.0
TRK-02,2026-08-03T15:30:00Z,4.1,44,15.0
TRK-07,2026-08-03T15:30:00Z,4.5,43,15.0
TRK-01,2026-08-03T15:45:00Z,4.6,44,15.0
TRK-02,2026-08-03T15:45:00Z,4.1,45,15.0
TRK-07,2026-08-03T15:45:00Z,4.4,43,15.0
TRK-01,2026-08-03T16:00:00Z,4.6,45,15.0
TRK-02,2026-08-03T16:00:00Z,4.3,46,15.0
TRK-07,2026-08-03T16:00:00Z,4.4,41,15.0
TRK-02,2026-08-03T16:15:00Z,4.4,45,15.0
TRK-07,2026-08-03T16:15:00Z,4.4,43,15.0
TRK-02,2026-08-03T16:30:00Z,8.7,53,15.0
TRK-07,2026-08-03T16:30:00Z,4.6,42,15.0
TRK-02,2026-08-03T16:45:00Z,4.3,46,15.0
TRK-07,2026-08-03T16:45:00Z,4.4,45,15.0
TRK-02,2026-08-03T17:00:00Z,4.2,45,15.0
TRK-07,2026-08-03T17:00:00Z,4.3,48,15.0
TRK-02,2026-08-03T17:15:00Z,4.2,47,15.0
TRK-07,2026-08-03T17:15:00Z,4.4,48,15.0
TRK-02,2026-08-03T17:30:00Z,4.1,47,15.0
TRK-07,2026-08-03T17:30:00Z,4.6,45,15.0
TRK-02,2026-08-03T17:45:00Z,4.1,46,15.0
TRK-07,2026-08-03T17:45:00Z,4.4,43,15.0
TRK-07,2026-08-03T18:00:00Z,4.3,43,15.0
TRK-08,2026-08-03T18:00:00Z,4.3,44,15.0
TRK-07,2026-08-03T18:15:00Z,4.5,42,15.0
TRK-08,2026-08-03T18:15:00Z,4.2,45,15.0
TRK-07,2026-08-03T18:30:00Z,10.8,48,15.0
TRK-08,2026-08-03T18:30:00Z,4.1,44,15.0
TRK-07,2026-08-03T18:45:00Z,4.4,44,15.0
TRK-08,2026-08-03T18:45:00Z,4.3,43,15.0
TRK-07,2026-08-03T19:00:00Z,4.4,43,15.0
TRK-08,2026-08-03T19:00:00Z,4.2,42,15.0
TRK-07,2026-08-03T19:15:00Z,4.3,43,15.0
TRK-08,2026-08-03T19:15:00Z,4.2,41,15.0
TRK-07,2026-08-03T19:30:00Z,4.4,45,15.0
TRK-08,2026-08-03T19:30:00Z,4.1,42,15.0
TRK-06,2026-08-03T19:45:00Z,4.5,40,15.0
TRK-07,2026-08-03T19:45:00Z,4.3,44,15.0
TRK-08,2026-08-03T19:45:00Z,4.2,42,15.0
TRK-06,2026-08-03T20:00:00Z,4.5,40,15.0
TRK-07,2026-08-03T20:00:00Z,4.5,47,15.0
TRK-08,2026-08-03T20:00:00Z,4.1,40,15.0
TRK-06,2026-08-03T20:15:00Z,4.4,42,15.0
TRK-07,2026-08-03T20:15:00Z,4.5,46,15.0
TRK-08,2026-08-03T20:15:00Z,8.9,50,15.0
TRK-06,2026-08-03T20:30:00Z,4.4,44,15.0
TRK-07,2026-08-03T20:30:00Z,4.4,46,15.0
TRK-08,2026-08-03T20:30:00Z,4.5,46,15.0
TRK-06,2026-08-03T20:45:00Z,4.4,43,15.0
TRK-07,2026-08-03T20:45:00Z,4.5,47,15.0
TRK-08,2026-08-03T20:45:00Z,4.5,46,15.0
TRK-06,2026-08-03T21:00:00Z,4.5,42,15.0
TRK-07,2026-08-03T21:00:00Z,4.7,48,15.0
TRK-08,2026-08-03T21:00:00Z,4.2,43,15.0
TRK-06,2026-08-03T21:15:00Z,4.5,41,15.0
TRK-07,2026-08-03T21:15:00Z,4.6,49,15.0
TRK-08,2026-08-03T21:15:00Z,4.4,44,15.0
TRK-04,2026-08-03T21:30:00Z,5.0,40,15.0
TRK-06,2026-08-03T21:30:00Z,4.4,46,15.0
TRK-07,2026-08-03T21:30:00Z,4.4,51,15.0
TRK-08,2026-08-03T21:30:00Z,4.4,44,15.0
TRK-04,2026-08-03T21:45:00Z,4.5,51,15.0
TRK-06,2026-08-03T21:45:00Z,4.3,46,15.0
TRK-07,2026-08-03T21:45:00Z,4.4,48,15.0
TRK-08,2026-08-03T21:45:00Z,4.2,47,15.0
TRK-04,2026-08-03T22:00:00Z,5.3,55,15.0
TRK-06,2026-08-03T22:00:00Z,4.6,49,15.0
TRK-07,2026-08-03T22:00:00Z,4.5,49,15.0
TRK-08,2026-08-03T22:00:00Z,4.3,48,15.0
TRK-04,2026-08-03T22:15:00Z,4.6,52,15.0
TRK-06,2026-08-03T22:15:00Z,4.4,47,15.0
TRK-07,2026-08-03T22:15:00Z,4.7,46,15.0
TRK-04,2026-08-03T22:30:00Z,4.7,44,15.0
TRK-06,2026-08-03T22:30:00Z,4.5,44,15.0
TRK-07,2026-08-03T22:30:00Z,4.6,45,15.0
TRK-04,2026-08-03T22:45:00Z,4.7,53,15.0
TRK-06,2026-08-03T22:45:00Z,4.4,44,15.0
TRK-04,2026-08-03T23:00:00Z,5.0,52,15.0
TRK-06,2026-08-03T23:00:00Z,4.5,46,15.0
TRK-04,2026-08-03T23:15:00Z,4.4,53,15.0
TRK-06,2026-08-03T23:15:00Z,4.6,48,15.0
TRK-04,2026-08-03T23:30:00Z,5.4,41,15.0
TRK-05,2026-08-03T23:30:00Z,4.7,44,15.0
TRK-06,2026-08-03T23:30:00Z,4.8,49,15.0
TRK-04,2026-08-03T23:45:00Z,4.5,47,15.0
TRK-05,2026-08-03T23:45:00Z,4.6,46,15.0
TRK-06,2026-08-03T23:45:00Z,4.8,47,15.0
TRK-04,2026-08-04T00:00:00Z,5.1,52,15.0
TRK-05,2026-08-04T00:00:00Z,4.8,44,15.0
TRK-06,2026-08-04T00:00:00Z,4.5,47,15.0
TRK-04,2026-08-04T00:15:00Z,5.3,40,15.0
TRK-05,2026-08-04T00:15:00Z,4.9,47,15.0
TRK-06,2026-08-04T00:15:00Z,4.5,45,15.0
TRK-04,2026-08-04T00:30:00Z,5.3,40,15.0
TRK-05,2026-08-04T00:30:00Z,4.8,46,15.0
TRK-06,2026-08-04T00:30:00Z,4.5,46,15.0
TRK-04,2026-08-04T00:45:00Z,4.6,52,15.0
TRK-05,2026-08-04T00:45:00Z,4.9,47,15.0
TRK-06,2026-08-04T00:45:00Z,4.6,48,15.0
TRK-04,2026-08-04T01:00:00Z,5.5,55,15.0
TRK-05,2026-08-04T01:00:00Z,4.7,49,15.0
TRK-06,2026-08-04T01:00:00Z,4.5,48,15.0
TRK-04,2026-08-04T01:15:00Z,5.4,42,15.0
TRK-05,2026-08-04T01:15:00Z,4.8,49,15.0
TRK-06,2026-08-04T01:15:00Z,4.3,48,15.0
TRK-04,2026-08-04T01:30:00Z,5.1,52,15.0
TRK-05,2026-08-04T01:30:00Z,4.7,47,15.0
TRK-06,2026-08-04T01:30:00Z,4.2,48,15.0
TRK-04,2026-08-04T01:45:00Z,5.2,41,15.0
TRK-05,2026-08-04T01:45:00Z,4.9,48,15.0
TRK-06,2026-08-04T01:45:00Z,4.5,45,15.0
TRK-04,2026-08-04T02:00:00Z,5.4,53,15.0
TRK-05,2026-08-04T02:00:00Z,5.0,49,15.0
TRK-06,2026-08-04T02:00:00Z,4.6,47,15.0
TRK-04,2026-08-04T02:15:00Z,4.4,43,15.0
TRK-05,2026-08-04T02:15:00Z,5.1,48,15.0
TRK-06,2026-08-04T02:15:00Z,4.4,47,15.0
TRK-04,2026-08-04T02:30:00Z,4.4,42,15.0
TRK-05,2026-08-04T02:30:00Z,5.0,48,15.0
TRK-06,2026-08-04T02:30:00Z,4.6,44,15.0
TRK-04,2026-08-04T02:45:00Z,5.1,40,15.0
TRK-05,2026-08-04T02:45:00Z,4.9,47,15.0
TRK-06,2026-08-04T02:45:00Z,4.4,43,15.0
TRK-04,2026-08-04T03:00:00Z,4.9,55,15.0
TRK-05,2026-08-04T03:00:00Z,4.8,48,15.0
TRK-04,2026-08-04T03:15:00Z,5.3,40,15.0
TRK-05,2026-08-04T03:15:00Z,4.7,49,15.0
TRK-04,2026-08-04T03:30:00Z,4.5,44,15.0
TRK-05,2026-08-04T03:30:00Z,4.6,48,15.0
