CustomerID,Name,Email,Segment,JoinDate,TotalSpend,CategoryID,CityID
C1,Ravi Chandu,ravi.chandu1@example.com,Premium,2023-08-24,375762.00,CAT4,CTY4
C2,Vikram Singh,vikram.singh2@example.com,Standard,2023-11-20,18270.00,CAT1,CTY6
C3,Arun Wang,arun.wang3@example.com,Standard,2023-10-14,28729.00,CAT8,CTY10
C4,Lisa Taylor,lisa.taylor4@example.com,Standard,2024-05-02,20199.00,CAT2,CTY10
C5,Manoj Walker,manoj.walker5@example.com,Standard,2023-12-22,0.00,CAT8,CTY6
C6,Ravi Wang,ravi.wang6@example.com,Premium,2024-05-23,131922.00,CAT7,CTY11
C7,Manoj Taylor,manoj.taylor7@example.com,Premium,2023-11-25,282883.00,CAT6,CTY8
C8,Swati Sharma,swati.sharma8@example.com,Premium,2024-09-27,116848.00,CAT5,CTY10
C9,Anita Bose,anita.bose9@example.com,Premium,2024-01-16,9901.00,CAT5,CTY9
C10,Ruby Davis,ruby.davis10@example.com,Premium,2024-08-20,32957.00,CAT8,CTY5
C11,Meera Young,meera.young11@example.com,Premium,2024-06-04,46808.00,CAT8,CTY10
C12,Amit Wilson,amit.wilson12@example.com,Premium,2024-10-17,1061.00,CAT8,CTY7
C13,Sarah Menon,sarah.menon13@example.com,Standard,2024-02-09,50337.00,CAT4,CTY1
C14,Rohan Clark,rohan.clark14@example.com,Premium,2024-03-25,163410.00,CAT6,CTY8
C15,Sanjay Nair,sanjay.nair15@example.com,Standard,2024-05-31,0.00,CAT6,CTY8
C16,Manoj Iyer,manoj.iyer16@example.com,Standard,2024-10-16,26201.00,CAT3,CTY8
C17,Meera Brown,meera.brown17@example.com,Standard,2023-08-10,173515.00,CAT4,CTY7
C18,Lakshmi Davis,lakshmi.davis18@example.com,Standard,2023-07-24,24754.00,CAT6,CTY2
C19,Amit Patel,amit.patel19@example.com,Standard,2024-04-08,16717.00,CAT2,CTY6
C20,Rahul Young,rahul.young20@example.com,Premium,2023-11-08,13217.00,CAT3,CTY1
C21,Amit Walker,amit.walker21@example.com,Standard,2024-12-07,7904.00,CAT8,CTY2
C22,Deepak Menon,deepak.menon22@example.com,Standard,2023-11-29,62484.00,CAT8,CTY4
C23,Hannah Iyer,hannah.iyer23@example.com,Premium,2024-06-05,375792.00,CAT2,CTY3
C24,Lakshmi Bose,lakshmi.bose24@example.com,Standard,2024-10-27,164406.00,CAT8,CTY1
C25,Sneha Wang,sneha.wang25@example.com,Premium,2023-08-03,127015.00,CAT6,CTY5
C26,Arun Iyer,arun.iyer26@example.com,Standard,2023-07-29,9417.00,CAT6,CTY7
C27,Rohan Kumar,rohan.kumar27@example.com,Premium,2023-08-22,23484.00,CAT8,CTY7
C28,Arun Rao,arun.rao28@example.com,Premium,2024-10-11,0.00,CAT6,CTY3
C29,Amit Taylor,amit.taylor29@example.com,Premium,2024-06-18,0.00,CAT6,CTY1
C30,Sarah Kumar,sarah.kumar30@example.com,Standard,2024-12-07,0.00,CAT1,CTY1
C31,Nora Reddy,nora.reddy31@example.com,Premium,2023-08-09,12823.00,CAT8,CTY5
C32,Clara Reddy,clara.reddy32@example.com,Premium,2023-08-26,5394.00,CAT1,CTY9
C33,Manoj Lee,manoj.lee33@example.com,Premium,2023-09-20,78168.00,CAT6,CTY4
C34,Sanjay Johnson,sanjay.johnson34@example.com,Premium,2023-10-18,6344.00,CAT4,CTY6
C35,Omar Singh,omar.singh35@example.com,Standard,2024-02-05,72355.00,CAT6,CTY12
C36,Nisha Chandu,nisha.chandu36@example.com,Premium,2023-08-31,190727.00,CAT5,CTY12
C37,Nisha Davis,nisha.davis37@example.com,Premium,2024-02-19,0.00,CAT3,CTY6
C38,Rahul Joshi,rahul.joshi38@example.com,Standard,2024-08-17,25949.00,CAT2,CTY2
C39,Omar King,omar.king39@example.com,Standard,2024-05-13,168356.00,CAT6,CTY2
C40,Anita Joshi,anita.joshi40@example.com,Standard,2023-10-31,0.00,CAT7,CTY2
C41,Leo Gupta,leo.gupta41@example.com,Standard,2024-06-30,2872.00,CAT5,CTY6
C42,Peter Brown,peter.brown42@example.com,Premium,2024-05-26,5430.00,CAT3,CTY3
C43,Emily Chandu,emily.chandu43@example.com,Standard,2024-11-03,0.00,CAT5,CTY8
C44,Rahul Walker,rahul.walker44@example.com,Standard,2024-07-31,50628.00,CAT8,CTY8
C45,Manoj Desai,manoj.desai45@example.com,Premium,2024-05-14,34011.00,CAT1,CTY10
C46,Deepak Joshi,deepak.joshi46@example.com,Standard,2024-03-01,22724.00,CAT1,CTY4
C47,Rahul Singh,rahul.singh47@example.com,Standard,2023-12-22,4886.00,CAT2,CTY6
C48,Chen Bose,chen.bose48@example.com,Standard,2023-09-22,15825.00,CAT8,CTY8
C49,Pooja Brown,pooja.brown49@example.com,Standard,2024-07-28,0.00,CAT4,CTY5
C50,Manoj Kumar,manoj.kumar50@example.com,Premium,2023-11-26,295277.00,CAT1,CTY2
C51,Ravi King,ravi.king51@example.com,Premium,2023-09-05,10900.00,CAT5,CTY8
C52,Meera Nair,meera.nair52@example.com,Standard,2024-08-20,35926.00,CAT8,CTY6
C53,Clara Lee,clara.lee53@example.com,Premium,2024-02-28,1643.00,CAT3,CTY11
C54,Meera Walker,meera.walker54@example.com,Standard,2023-07-28,25980.00,CAT2,CTY7
C55,Sanjay Smith,sanjay.smith55@example.com,Standard,2023-11-17,7530.00,CAT1,CTY4
C56,Leo Rao,leo.rao56@example.com,Standard,2024-07-23,2861.00,CAT4,CTY11
C57,Arun King,arun.king57@example.com,Standard,2024-09-27,11856.00,CAT3,CTY4
C58,Adam Chen,adam.chen58@example.com,Standard,2024-12-16,145530.00,CAT2,CTY12
C59,Pooja Iyer,pooja.iyer59@example.com,Premium,2023-10-24,24927.00,CAT4,CTY5
C60,Ethan Chen,ethan.chen60@example.com,Premium,2024-07-30,30896.00,CAT1,CTY4
